budget,seed,run_id,valid,sarcasm_binary_macro_f1,sarcasm_positive_precision,sarcasm_positive_recall,sarcasm_positive_f1,macro_pragmatic_f1
128,20260521,priority2_q3_corrected_v2_128_20260521,True,0.8509933108078176,0.7384615384615385,0.7058823529411765,0.7218045112781954,0.912843070225935
128,20260522,priority2_q3_corrected_v2_128_20260522,True,0.876455084559631,0.9270833333333334,0.6544117647058824,0.7672413793103448,0.9223759491342813
128,20260523,priority2_q3_corrected_v2_128_20260523,True,0.850844592494997,0.7622950819672131,0.6838235294117647,0.7209302325581394,0.9163808343593597
256,20260521,priority2_q3_corrected_v2_256_20260521,True,0.8554935993088825,0.7815126050420168,0.6838235294117647,0.7294117647058823,0.9216573245830789
256,20260522,priority2_q3_corrected_v2_256_20260522,True,0.8832109733358571,0.8,0.7647058823529411,0.7819548872180452,0.9196899223401039
256,20260523,priority2_q3_corrected_v2_256_20260523,True,0.8667377398720681,0.8303571428571429,0.6838235294117647,0.75,0.9238055861120411
32,20260521,priority2_q3_corrected_v2_32_20260521,True,0.8444604365404058,0.8037383177570093,0.6323529411764706,0.7078189300411524,0.9153430743003905
32,20260522,priority2_q3_corrected_v2_32_20260522,True,0.8237499140243483,0.7410714285714286,0.6102941176470589,0.6693548387096774,0.9093803239040822
32,20260523,priority2_q3_corrected_v2_32_20260523,True,0.8197755203981849,0.7669902912621359,0.5808823529411765,0.6610878661087867,0.9108796720128398
512,20260521,priority2_q3_corrected_v2_512_20260521,True,0.8477992595639655,0.75,0.6838235294117647,0.7153846153846155,0.9063719551856242
512,20260522,priority2_q3_corrected_v2_512_20260522,True,0.8839734734353641,0.7222222222222222,0.8602941176470589,0.785234899328859,0.9246403518837351
512,20260523,priority2_q3_corrected_v2_512_20260523,True,0.882515182115454,0.738562091503268,0.8308823529411765,0.7820069204152249,0.9234509468612532
64,20260521,priority2_q3_corrected_v2_64_20260521,True,0.8332297336224018,0.6621621621621622,0.7205882352941176,0.6901408450704226,0.9159070791920936
64,20260522,priority2_q3_corrected_v2_64_20260522,True,0.8576046250017799,0.8317757009345794,0.6544117647058824,0.7325102880658436,0.9229386396904548
64,20260523,priority2_q3_corrected_v2_64_20260523,True,0.852381501556914,0.8829787234042553,0.6102941176470589,0.7217391304347828,0.9167596955276139
full,20260521,priority2_q3_corrected_v2_full_20260521,True,0.8824594191144493,0.7753623188405797,0.7867647058823529,0.7810218978102189,0.9229240535643212
full,20260522,priority2_q3_corrected_v2_full_20260522,True,0.8661845431511213,0.7375886524822695,0.7647058823529411,0.7509025270758123,0.9218158263395755
full,20260523,priority2_q3_corrected_v2_full_20260523,True,0.8986113814807606,0.8359375,0.7867647058823529,0.8106060606060607,0.9308003430923346
