row_type,seed,head,ours_tp,ours_tn,ours_fp,ours_fn,baseline_tp,baseline_tn,baseline_fp,baseline_fn,ours_f1,baseline_f1,f1_gain_pp,ours_correct_baseline_wrong,baseline_correct_ours_wrong,corrected_ge2_labels,regressed_ge2_labels
head,20260521,implicit_sentiment,378,1527,53,42,378,1516,64,42,92.9099160048944,92.16253425194347,0.7473817529509263,39,28,,
head,20260521,sarcasm,112,1826,38,24,116,1821,43,20,88.32615957010141,88.47183146915529,-0.14567189905387856,25,24,,
head,20260521,irony,133,1858,3,6,134,1856,5,5,98.24283099450885,98.06710247062962,0.1757285238792261,3,2,,
head,20260521,idiom_figurative,121,1847,12,20,121,1841,18,20,93.7311690194373,92.70353302611367,1.0276359933236279,12,6,,
head,20260521,code_switching,270,1678,20,32,276,1666,32,26,94.84519730998603,94.39044441220561,0.4547528977804305,20,14,,
head,20260521,mocking,204,1749,18,29,195,1746,21,38,94.17225933445962,92.59909219712254,1.5731671373370726,26,14,,
head,20260522,implicit_sentiment,368,1532,48,52,374,1522,58,46,92.43886062703017,92.24487117537925,0.19398945165092218,37,33,,
head,20260522,sarcasm,115,1832,32,21,111,1830,34,25,89.92310185937784,88.70855537448841,1.2145464848894227,20,14,,
head,20260522,irony,132,1860,1,7,133,1857,4,6,98.42211562736682,98.05414156509286,0.367974062273968,3,1,,
head,20260522,idiom_figurative,121,1847,12,20,118,1846,13,23,93.7311690194373,92.89952032315072,0.8316486962865799,7,3,,
head,20260522,code_switching,277,1676,22,25,271,1669,29,31,95.39847043199062,94.13373901787058,1.2647314141200239,23,10,,
head,20260522,mocking,200,1744,23,33,193,1742,25,40,93.06958140271672,91.87804065852846,1.1915407441882686,26,17,,
head,20260523,implicit_sentiment,369,1534,46,51,367,1532,48,53,92.65923130043232,92.35651918910993,0.3027121113223896,34,30,,
head,20260523,sarcasm,116,1830,34,20,106,1833,31,30,89.83246156105606,88.00948626545622,1.822975295599849,20,13,,
head,20260523,irony,134,1859,2,5,133,1859,2,6,98.6333129957291,98.43279225485932,0.20052074086978067,2,1,,
head,20260523,idiom_figurative,122,1839,20,19,120,1839,20,21,92.58492400973086,92.15340288735636,0.4315211223745008,12,10,,
head,20260523,code_switching,274,1667,31,28,271,1673,25,31,94.27059587259554,94.49468048501865,-0.2240846124231144,16,19,,
head,20260523,mocking,206,1734,33,27,201,1741,26,32,92.79372766055575,92.87644313436502,-0.08271547380926947,21,23,,
all_seeds_mean,ALL,implicit_sentiment,,,,,,,,,92.66933597745229,92.25464153881089,0.4146944386414053,110,91,,
all_seeds_mean,ALL,sarcasm,,,,,,,,,89.36057433017844,88.39662436969998,0.9639499604784607,65,51,,
all_seeds_mean,ALL,irony,,,,,,,,,98.43275320586825,98.18467876352726,0.2480744423409953,8,4,,
all_seeds_mean,ALL,idiom_figurative,,,,,,,,,93.34908734953515,92.58548541220692,0.7636019373282288,31,19,,
all_seeds_mean,ALL,code_switching,,,,,,,,,94.83808787152407,94.33962130503161,0.49846656649246146,59,43,,
all_seeds_mean,ALL,mocking,,,,,,,,,93.3451894659107,92.45119199667201,0.8939974692386943,73,54,,
overall,20260521,ALL_HEADS,,,,,,,,,,,,,,15,11
overall,20260522,ALL_HEADS,,,,,,,,,,,,,,17,8
overall,20260523,ALL_HEADS,,,,,,,,,,,,,,10,8
