scope,system,seed,remote_seed,run_id,dataset_fingerprint,recorded_verification_state,independent_rerun,row_count,unique_id_count,prediction_file_bytes,prediction_file_sha256,sample_id_sequence_sha256,pragmatic_gold_sequence_sha256,pragmatic_prediction_sequence_sha256,recorded_macro_pragmatic_f1,recomputed_macro_pragmatic_f1,macro_absolute_delta,metric_recompute_matches_recorded,recompute_kind
primary,ViPragSent (XLM-R-large),21,20260521,q1a_vipragsent_full_XLM_R_large_optimization_pragmatic_warmup020_irony105_implicit101_sarcasm101_code104_v37_20260521,B906C090400BAE115C9C5E3C35E32FA410AC519AE09209EBA741F198087C24F9,VERIFIED_ARTIFACTS,NOT_PERFORMED,2000,2000,2498785,8dec2920f20e49415ce8004207e72af993acc27e828b607e6cf4d15b3fae784e,39c59dac430fe05dee468f2c81e64cb4961394c07a6c8d71635c03ea9998cc06,0c7e938abf29f08e5961a0eac0d02440797c05a96e6939ac79147f2730bd6481,c2188019a1e5c528567e420fd6dc6e653efb89f8389e9575c07feaaba5c9b2ab,0.9370458870556461,0.9370458870556461,0.0,True,DETERMINISTIC_RECOMPUTE_FROM_RECORDED_PREDICTION_ROWS
primary,ViPragSent (XLM-R-large),22,20260522,q1a_vipragsent_full_XLM_R_large_optimization_pragmatic_warmup020_irony105_implicit101_sarcasm101_code104_v37_20260522,B906C090400BAE115C9C5E3C35E32FA410AC519AE09209EBA741F198087C24F9,VERIFIED_ARTIFACTS,NOT_PERFORMED,2000,2000,2497483,d379c33c07cfac1accad93724cef7628eda32dc2708602f0a9871b51bbd4ffe4,39c59dac430fe05dee468f2c81e64cb4961394c07a6c8d71635c03ea9998cc06,0c7e938abf29f08e5961a0eac0d02440797c05a96e6939ac79147f2730bd6481,84222ce384f4aa762fc9a5025ee125243be1643858e89f5f68307343be982b3f,0.9383054982798659,0.9383054982798658,-1.1102230246251565e-16,True,DETERMINISTIC_RECOMPUTE_FROM_RECORDED_PREDICTION_ROWS
primary,ViPragSent (XLM-R-large),23,20260523,q1a_vipragsent_full_XLM_R_large_optimization_pragmatic_warmup020_irony105_implicit101_sarcasm101_code104_v37_20260523,B906C090400BAE115C9C5E3C35E32FA410AC519AE09209EBA741F198087C24F9,VERIFIED_ARTIFACTS,NOT_PERFORMED,2000,2000,2496509,58b26d7b2593cc7f1fbb820abd2bf49784be103b9c452092f1be057a7b84c639,39c59dac430fe05dee468f2c81e64cb4961394c07a6c8d71635c03ea9998cc06,0c7e938abf29f08e5961a0eac0d02440797c05a96e6939ac79147f2730bd6481,76ecb52ad0db03500649221db9a13ebdf0fb6a38ef679efe6bd15980816cc92c,0.9346237556668328,0.9346237556668328,0.0,True,DETERMINISTIC_RECOMPUTE_FROM_RECORDED_PREDICTION_ROWS
baseline,phobert_single,21,20260521,q1a_phobert_pragmatic_single_task_20260521,A13573E38550ABD55D7F63E983C602BEA13C2765A1FFECA285F718478532AF0D,VERIFIED_ARTIFACTS,NOT_PERFORMED,2000,2000,1046810,454aee5a122b9c1df81bdc5f4a11f685bc41ddb05673291dce24782f14c6b9ea,39c59dac430fe05dee468f2c81e64cb4961394c07a6c8d71635c03ea9998cc06,0c7e938abf29f08e5961a0eac0d02440797c05a96e6939ac79147f2730bd6481,f03e91bf8fc77495e5571c300ba97647c2eb1787fd1b791d7cf11b6c3c09bb4f,0.8619618894652946,0.8619618894652945,-1.1102230246251565e-16,True,DETERMINISTIC_RECOMPUTE_FROM_RECORDED_PREDICTION_ROWS
baseline,phobert_single,22,20260522,q1a_phobert_pragmatic_single_task_20260522,A13573E38550ABD55D7F63E983C602BEA13C2765A1FFECA285F718478532AF0D,VERIFIED_ARTIFACTS,NOT_PERFORMED,2000,2000,1046981,113290b34f812c0cffe4de8d4a6f89f7b095e87c61561c2da3a5a7e6c4a14533,39c59dac430fe05dee468f2c81e64cb4961394c07a6c8d71635c03ea9998cc06,0c7e938abf29f08e5961a0eac0d02440797c05a96e6939ac79147f2730bd6481,99d4adbb9693d0c883e319407f7cd4fd87e14cd05fd52047a1088a629100ff25,0.8578258552082235,0.8578258552082236,1.1102230246251565e-16,True,DETERMINISTIC_RECOMPUTE_FROM_RECORDED_PREDICTION_ROWS
baseline,phobert_single,23,20260523,q1a_phobert_pragmatic_single_task_20260523,A13573E38550ABD55D7F63E983C602BEA13C2765A1FFECA285F718478532AF0D,VERIFIED_ARTIFACTS,NOT_PERFORMED,2000,2000,1048536,580ca77bba0a174171d19bc4b21bcc59aef6d1053d31ccb5d6e20ee9fcd38472,39c59dac430fe05dee468f2c81e64cb4961394c07a6c8d71635c03ea9998cc06,0c7e938abf29f08e5961a0eac0d02440797c05a96e6939ac79147f2730bd6481,c4755671447424e79facd80adaa372e6632a527969262231efb0e83089716803,0.8674935590176965,0.8674935590176964,-1.1102230246251565e-16,True,DETERMINISTIC_RECOMPUTE_FROM_RECORDED_PREDICTION_ROWS
baseline,phobert_finetune,21,20260521,q1a_phobert_pragmatic_finetune_20260521,A13573E38550ABD55D7F63E983C602BEA13C2765A1FFECA285F718478532AF0D,VERIFIED_ARTIFACTS,NOT_PERFORMED,2000,2000,1489443,361ad95ee368e72b64b225fe7ca627db0c22db51bd056950042d82d9091e50d6,39c59dac430fe05dee468f2c81e64cb4961394c07a6c8d71635c03ea9998cc06,0c7e938abf29f08e5961a0eac0d02440797c05a96e6939ac79147f2730bd6481,2f2536e1e686f24318989c592e7e015725c1dc1c4a2a704c432f9e9aee833d01,0.8508045874251716,0.8508045874251716,0.0,True,DETERMINISTIC_RECOMPUTE_FROM_RECORDED_PREDICTION_ROWS
baseline,phobert_finetune,22,20260522,q1a_phobert_pragmatic_finetune_20260522,A13573E38550ABD55D7F63E983C602BEA13C2765A1FFECA285F718478532AF0D,VERIFIED_ARTIFACTS,NOT_PERFORMED,2000,2000,1489936,271d7a2bf8aa09ec146209056c30286093c9e79699e25f67ce3d177fa764555e,39c59dac430fe05dee468f2c81e64cb4961394c07a6c8d71635c03ea9998cc06,0c7e938abf29f08e5961a0eac0d02440797c05a96e6939ac79147f2730bd6481,9092bf0c115b95d7425621c6b01b900f0dedfa3ebe796f9095cf9496c11bd9c5,0.858004332666626,0.8580043326666259,-1.1102230246251565e-16,True,DETERMINISTIC_RECOMPUTE_FROM_RECORDED_PREDICTION_ROWS
baseline,phobert_finetune,23,20260523,q1a_phobert_pragmatic_finetune_20260523,A13573E38550ABD55D7F63E983C602BEA13C2765A1FFECA285F718478532AF0D,VERIFIED_ARTIFACTS,NOT_PERFORMED,2000,2000,1489850,ff6f855c82cd3759db93ff43acded59658752c9702ea0808b51641a69fbf0dc1,39c59dac430fe05dee468f2c81e64cb4961394c07a6c8d71635c03ea9998cc06,0c7e938abf29f08e5961a0eac0d02440797c05a96e6939ac79147f2730bd6481,ecd1adb5f093806f9f7afeab59c26f06b09c636e74a208e7d29880fd167999a7,0.8548862773812139,0.8548862773812138,-1.1102230246251565e-16,True,DETERMINISTIC_RECOMPUTE_FROM_RECORDED_PREDICTION_ROWS
baseline,xlmr_baseline,21,20260521,q1a_xlmr_pragmatic_finetune_20260521,A13573E38550ABD55D7F63E983C602BEA13C2765A1FFECA285F718478532AF0D,VERIFIED_ARTIFACTS,NOT_PERFORMED,2000,2000,1496074,86b78c698e79efbe1274644a1ca82bd2cfd3ee4ec43e677c3a2258170092921c,39c59dac430fe05dee468f2c81e64cb4961394c07a6c8d71635c03ea9998cc06,0c7e938abf29f08e5961a0eac0d02440797c05a96e6939ac79147f2730bd6481,c3c56479667522acb79ce98da1aa8689a0e4cd8fa1b6eb66cce20c3908accf41,0.9310143927657345,0.9310143927657346,1.1102230246251565e-16,True,DETERMINISTIC_RECOMPUTE_FROM_RECORDED_PREDICTION_ROWS
baseline,xlmr_baseline,22,20260522,q1a_xlmr_pragmatic_finetune_20260522,A13573E38550ABD55D7F63E983C602BEA13C2765A1FFECA285F718478532AF0D,VERIFIED_ARTIFACTS,NOT_PERFORMED,2000,2000,1497736,e6ca7f7ec15f8e95c8811c8073919aabe7d8ebbda51481dda4503d2a6bb8fca8,39c59dac430fe05dee468f2c81e64cb4961394c07a6c8d71635c03ea9998cc06,0c7e938abf29f08e5961a0eac0d02440797c05a96e6939ac79147f2730bd6481,1bea48a40364e545995efca6a0f3b1d500aed87824732e1c44fadb1c171be586,0.9285020357074613,0.9285020357074613,0.0,True,DETERMINISTIC_RECOMPUTE_FROM_RECORDED_PREDICTION_ROWS
baseline,xlmr_baseline,23,20260523,q1a_xlmr_pragmatic_finetune_20260523,A13573E38550ABD55D7F63E983C602BEA13C2765A1FFECA285F718478532AF0D,VERIFIED_ARTIFACTS,NOT_PERFORMED,2000,2000,1497694,3e88894ebc0c89393ad90a063787274d01b16f25e14af44ccce93d9bc7588502,39c59dac430fe05dee468f2c81e64cb4961394c07a6c8d71635c03ea9998cc06,0c7e938abf29f08e5961a0eac0d02440797c05a96e6939ac79147f2730bd6481,38b1dc82b9d1e5881c57bbd1560424cf38e1ac70e5d305f063d61a2a033b8c0d,0.9285110882349082,0.9285110882349082,0.0,True,DETERMINISTIC_RECOMPUTE_FROM_RECORDED_PREDICTION_ROWS
baseline,sailor,21,20260521,q1a_sailor_pragmatic_sft_20260521,A13573E38550ABD55D7F63E983C602BEA13C2765A1FFECA285F718478532AF0D,VERIFIED_ARTIFACTS,NOT_PERFORMED,2000,2000,1494123,9af5fddf885a7bd9adae2e0f8acba73b7e42ad7effdf736f26fdc76a086a4806,39c59dac430fe05dee468f2c81e64cb4961394c07a6c8d71635c03ea9998cc06,0c7e938abf29f08e5961a0eac0d02440797c05a96e6939ac79147f2730bd6481,40ed7883a6c87c63ff49f032ef4c86907e9d18460974b37b5f3b21c2b3c55086,0.8565029855498274,0.8565029855498273,-1.1102230246251565e-16,True,DETERMINISTIC_RECOMPUTE_FROM_RECORDED_PREDICTION_ROWS
baseline,sailor,22,20260522,q1a_sailor_pragmatic_sft_20260522,A13573E38550ABD55D7F63E983C602BEA13C2765A1FFECA285F718478532AF0D,VERIFIED_ARTIFACTS,NOT_PERFORMED,2000,2000,1494988,61301963c4c88bce839d9828a982dd4d8050bfce4067dc6acc45d3141a1f75f7,39c59dac430fe05dee468f2c81e64cb4961394c07a6c8d71635c03ea9998cc06,0c7e938abf29f08e5961a0eac0d02440797c05a96e6939ac79147f2730bd6481,0c74d90fe0fc24ee6d3c1263634c6ef976c8daded964f5874e9ff267bda77d18,0.8557139142027888,0.8557139142027888,0.0,True,DETERMINISTIC_RECOMPUTE_FROM_RECORDED_PREDICTION_ROWS
baseline,sailor,23,20260523,q1a_sailor_pragmatic_sft_20260523,A13573E38550ABD55D7F63E983C602BEA13C2765A1FFECA285F718478532AF0D,VERIFIED_ARTIFACTS,NOT_PERFORMED,2000,2000,1492916,abc68e15f1eb32039a4c9c0a180cbeb99798b95da5239550d5918869a28df595,39c59dac430fe05dee468f2c81e64cb4961394c07a6c8d71635c03ea9998cc06,0c7e938abf29f08e5961a0eac0d02440797c05a96e6939ac79147f2730bd6481,e1c26002f7c233e4d1717f89c21f8d03ad88219378a46709bb7099ef86984ee8,0.8544894549185001,0.8544894549185001,0.0,True,DETERMINISTIC_RECOMPUTE_FROM_RECORDED_PREDICTION_ROWS
baseline,vistral,21,20260521,q1a_vistral_pragmatic_sft_20260521,A13573E38550ABD55D7F63E983C602BEA13C2765A1FFECA285F718478532AF0D,VERIFIED_ARTIFACTS,NOT_PERFORMED,2000,2000,1493523,802e7b533a3c5588891ace96938a0b62d89da4299b8379a4ea2c0636a42aabfd,39c59dac430fe05dee468f2c81e64cb4961394c07a6c8d71635c03ea9998cc06,0c7e938abf29f08e5961a0eac0d02440797c05a96e6939ac79147f2730bd6481,776aaa0f70c4167537b27d1ad6ee684eb194344a283efe1a68b648c01d7ed70c,0.8762819120593356,0.8762819120593355,-1.1102230246251565e-16,True,DETERMINISTIC_RECOMPUTE_FROM_RECORDED_PREDICTION_ROWS
baseline,vistral,22,20260522,q1a_vistral_pragmatic_sft_20260522,A13573E38550ABD55D7F63E983C602BEA13C2765A1FFECA285F718478532AF0D,VERIFIED_ARTIFACTS,NOT_PERFORMED,2000,2000,1494132,24870d8bf15b9f8fff7c4780d2d769f6114b034b2d5a78218268b2a6c90cc24b,39c59dac430fe05dee468f2c81e64cb4961394c07a6c8d71635c03ea9998cc06,0c7e938abf29f08e5961a0eac0d02440797c05a96e6939ac79147f2730bd6481,4036acdb24c1ceb413ab30cda25a8f5b5de24fbcfeee419e24f0701142246193,0.8773805194325028,0.8773805194325027,-1.1102230246251565e-16,True,DETERMINISTIC_RECOMPUTE_FROM_RECORDED_PREDICTION_ROWS
baseline,vistral,23,20260523,q1a_vistral_pragmatic_sft_20260523,A13573E38550ABD55D7F63E983C602BEA13C2765A1FFECA285F718478532AF0D,VERIFIED_ARTIFACTS,NOT_PERFORMED,2000,2000,1499652,22552427eadcaa3c92f45c803331a236a293caac33bec4db805ef4a86491c6ed,39c59dac430fe05dee468f2c81e64cb4961394c07a6c8d71635c03ea9998cc06,0c7e938abf29f08e5961a0eac0d02440797c05a96e6939ac79147f2730bd6481,940f172e4bcb5f96318dd2f5307cc095cac8ce913add7592705ea197ca1613dd,0.8763444313242075,0.8763444313242075,0.0,True,DETERMINISTIC_RECOMPUTE_FROM_RECORDED_PREDICTION_ROWS
