model,label,quantity,seed_20260521,seed_20260522,seed_20260523,mean,sd
proposed_multitask,implicit_sentiment,positive_precision,0.877030162412993,0.8846153846153846,0.8891566265060241,0.8836007245114672,0.006126576058024108
proposed_multitask,implicit_sentiment,positive_recall,0.9,0.8761904761904762,0.8785714285714286,0.8849206349206349,0.013113263207824069
proposed_multitask,implicit_sentiment,positive_f1,0.8883666274970623,0.8803827751196173,0.8838323353293414,0.8841939126486736,0.004004188846021166
proposed_multitask,implicit_sentiment,tp,378.0,368.0,369.0,371.6666666666667,5.507570547286102
proposed_multitask,implicit_sentiment,fp,53.0,48.0,46.0,49.0,3.605551275463989
proposed_multitask,implicit_sentiment,fn,42.0,52.0,51.0,48.333333333333336,5.507570547286102
proposed_multitask,implicit_sentiment,tn,1527.0,1532.0,1534.0,1531.0,3.605551275463989
proposed_multitask,sarcasm,positive_precision,0.7466666666666667,0.782312925170068,0.7733333333333333,0.767437641723356,0.01854004641290833
proposed_multitask,sarcasm,positive_recall,0.8235294117647058,0.8455882352941176,0.8529411764705882,0.8406862745098039,0.015306367643133336
proposed_multitask,sarcasm,positive_f1,0.7832167832167832,0.8127208480565371,0.8111888111888111,0.8023754808207105,0.016609592248157813
proposed_multitask,sarcasm,tp,112.0,115.0,116.0,114.33333333333333,2.0816659994661326
proposed_multitask,sarcasm,fp,38.0,32.0,34.0,34.666666666666664,3.0550504633038935
proposed_multitask,sarcasm,fn,24.0,21.0,20.0,21.666666666666668,2.0816659994661326
proposed_multitask,sarcasm,tn,1826.0,1832.0,1830.0,1829.3333333333333,3.0550504633038935
proposed_multitask,irony,positive_precision,0.9779411764705882,0.9924812030075187,0.9852941176470589,0.9852388323750553,0.007270170924375607
proposed_multitask,irony,positive_recall,0.9568345323741008,0.9496402877697842,0.9640287769784173,0.9568345323741008,0.0071942446043165575
proposed_multitask,irony,positive_f1,0.9672727272727273,0.9705882352941176,0.9745454545454545,0.9708021390374332,0.003641079043967711
proposed_multitask,irony,tp,133.0,132.0,134.0,133.0,1.0
proposed_multitask,irony,fp,3.0,1.0,2.0,2.0,1.0
proposed_multitask,irony,fn,6.0,7.0,5.0,6.0,1.0
proposed_multitask,irony,tn,1858.0,1860.0,1859.0,1859.0,1.0
proposed_multitask,idiom_figurative,positive_precision,0.9097744360902256,0.9097744360902256,0.8591549295774648,0.8929012672526386,0.02922518571138847
proposed_multitask,idiom_figurative,positive_recall,0.8581560283687943,0.8581560283687943,0.8652482269503546,0.8605200945626478,0.004094682760210118
proposed_multitask,idiom_figurative,positive_f1,0.8832116788321168,0.8832116788321168,0.8621908127208481,0.8762047234616939,0.012136402707940091
proposed_multitask,idiom_figurative,tp,121.0,121.0,122.0,121.33333333333333,0.5773502691896257
proposed_multitask,idiom_figurative,fp,12.0,12.0,20.0,14.666666666666666,4.618802153517006
proposed_multitask,idiom_figurative,fn,20.0,20.0,19.0,19.666666666666668,0.5773502691896257
proposed_multitask,idiom_figurative,tn,1847.0,1847.0,1839.0,1844.3333333333333,4.618802153517006
proposed_multitask,code_switching,positive_precision,0.9310344827586207,0.9264214046822743,0.898360655737705,0.9186055143928666,0.01768363222899139
proposed_multitask,code_switching,positive_recall,0.8940397350993378,0.9172185430463576,0.9072847682119205,0.9061810154525386,0.011628756901603466
proposed_multitask,code_switching,positive_f1,0.9121621621621622,0.9217970049916805,0.9028006589785832,0.9122532753774752,0.009498500759374235
proposed_multitask,code_switching,tp,270.0,277.0,274.0,273.6666666666667,3.5118845842842465
proposed_multitask,code_switching,fp,20.0,22.0,31.0,24.333333333333332,5.8594652770823155
proposed_multitask,code_switching,fn,32.0,25.0,28.0,28.333333333333332,3.5118845842842465
proposed_multitask,code_switching,tn,1678.0,1676.0,1667.0,1673.6666666666667,5.8594652770823155
proposed_multitask,mocking,positive_precision,0.918918918918919,0.8968609865470852,0.8619246861924686,0.892568197219491,0.02873859201800822
proposed_multitask,mocking,positive_recall,0.8755364806866953,0.8583690987124464,0.8841201716738197,0.8726752503576538,0.013111804563536009
proposed_multitask,mocking,positive_f1,0.8967032967032967,0.8771929824561403,0.8728813559322034,0.8822592116972134,0.012693353558760525
proposed_multitask,mocking,tp,204.0,200.0,206.0,203.33333333333334,3.0550504633038935
proposed_multitask,mocking,fp,18.0,23.0,33.0,24.666666666666668,7.637626158259733
proposed_multitask,mocking,fn,29.0,33.0,27.0,29.666666666666668,3.0550504633038935
proposed_multitask,mocking,tn,1749.0,1744.0,1734.0,1742.3333333333333,7.637626158259733
baseline_pragmatic_only,implicit_sentiment,positive_precision,0.8552036199095022,0.8657407407407407,0.8843373493975903,0.8684272366826111,0.014751491240059034
baseline_pragmatic_only,implicit_sentiment,positive_recall,0.9,0.8904761904761904,0.8738095238095238,0.888095238095238,0.01325658181626196
baseline_pragmatic_only,implicit_sentiment,positive_f1,0.877030162412993,0.8779342723004695,0.8790419161676647,0.8780021169603758,0.001007591418069462
baseline_pragmatic_only,implicit_sentiment,tp,378.0,374.0,367.0,373.0,5.5677643628300215
baseline_pragmatic_only,implicit_sentiment,fp,64.0,58.0,48.0,56.666666666666664,8.082903768654761
baseline_pragmatic_only,implicit_sentiment,fn,42.0,46.0,53.0,47.0,5.5677643628300215
baseline_pragmatic_only,implicit_sentiment,tn,1516.0,1522.0,1532.0,1523.3333333333333,8.082903768654761
baseline_pragmatic_only,sarcasm,positive_precision,0.7295597484276729,0.7655172413793103,0.7737226277372263,0.7562665391814032,0.0234898189774489
baseline_pragmatic_only,sarcasm,positive_recall,0.8529411764705882,0.8161764705882353,0.7794117647058824,0.8161764705882353,0.03676470588235292
baseline_pragmatic_only,sarcasm,positive_f1,0.7864406779661017,0.7900355871886121,0.7765567765567766,0.7843443472371635,0.006979651560503488
baseline_pragmatic_only,sarcasm,tp,116.0,111.0,106.0,111.0,5.0
baseline_pragmatic_only,sarcasm,fp,43.0,34.0,31.0,36.0,6.244997998398398
baseline_pragmatic_only,sarcasm,fn,20.0,25.0,30.0,25.0,5.0
baseline_pragmatic_only,sarcasm,tn,1821.0,1830.0,1833.0,1828.0,6.244997998398398
baseline_pragmatic_only,irony,positive_precision,0.9640287769784173,0.9708029197080292,0.9851851851851852,0.9733389606238773,0.010803797003738562
baseline_pragmatic_only,irony,positive_recall,0.9640287769784173,0.9568345323741008,0.9568345323741008,0.9592326139088729,0.0041535990589181455
baseline_pragmatic_only,irony,positive_f1,0.9640287769784173,0.9637681159420289,0.9708029197080292,0.9661999375428252,0.003988429472093363
baseline_pragmatic_only,irony,tp,134.0,133.0,133.0,133.33333333333334,0.5773502691896257
baseline_pragmatic_only,irony,fp,5.0,4.0,2.0,3.6666666666666665,1.5275252316519468
baseline_pragmatic_only,irony,fn,5.0,6.0,6.0,5.666666666666667,0.5773502691896257
baseline_pragmatic_only,irony,tn,1856.0,1857.0,1859.0,1857.3333333333333,1.5275252316519468
baseline_pragmatic_only,idiom_figurative,positive_precision,0.8705035971223022,0.9007633587786259,0.8571428571428571,0.8761366043479284,0.0223491637101256
baseline_pragmatic_only,idiom_figurative,positive_recall,0.8581560283687943,0.8368794326241135,0.851063829787234,0.8486997635933806,0.010833512281219496
baseline_pragmatic_only,idiom_figurative,positive_f1,0.8642857142857143,0.8676470588235294,0.8540925266903915,0.8620084332665451,0.007058388057288201
baseline_pragmatic_only,idiom_figurative,tp,121.0,118.0,120.0,119.66666666666667,1.5275252316519468
baseline_pragmatic_only,idiom_figurative,fp,18.0,13.0,20.0,17.0,3.605551275463989
baseline_pragmatic_only,idiom_figurative,fn,20.0,23.0,21.0,21.333333333333332,1.5275252316519468
baseline_pragmatic_only,idiom_figurative,tn,1841.0,1846.0,1839.0,1842.0,3.605551275463989
baseline_pragmatic_only,code_switching,positive_precision,0.8961038961038961,0.9033333333333333,0.9155405405405406,0.90499258999259,0.009823982707390195
baseline_pragmatic_only,code_switching,positive_recall,0.9139072847682119,0.8973509933774835,0.8973509933774835,0.902869757174393,0.009558779291218955
baseline_pragmatic_only,code_switching,positive_f1,0.9049180327868852,0.9003322259136213,0.9063545150501672,0.9038682579168912,0.003145395375671055
baseline_pragmatic_only,code_switching,tp,276.0,271.0,271.0,272.6666666666667,2.886751345948129
baseline_pragmatic_only,code_switching,fp,32.0,29.0,25.0,28.666666666666668,3.5118845842842465
baseline_pragmatic_only,code_switching,fn,26.0,31.0,31.0,29.333333333333332,2.886751345948129
baseline_pragmatic_only,code_switching,tn,1666.0,1669.0,1673.0,1669.3333333333333,3.5118845842842465
baseline_pragmatic_only,mocking,positive_precision,0.9027777777777778,0.8853211009174312,0.8854625550660793,0.8911871445870961,0.010038031960486152
baseline_pragmatic_only,mocking,positive_recall,0.8369098712446352,0.8283261802575107,0.8626609442060086,0.8426323319027181,0.017868377677820887
baseline_pragmatic_only,mocking,positive_f1,0.8685968819599109,0.8558758314855875,0.8739130434782608,0.8661285856412531,0.009268474478288428
baseline_pragmatic_only,mocking,tp,195.0,193.0,201.0,196.33333333333334,4.163331998932265
baseline_pragmatic_only,mocking,fp,21.0,25.0,26.0,24.0,2.6457513110645907
baseline_pragmatic_only,mocking,fn,38.0,40.0,32.0,36.666666666666664,4.163331998932265
baseline_pragmatic_only,mocking,tn,1746.0,1742.0,1741.0,1743.0,2.6457513110645907
