label,metric,seed_20260521_delta_pp,seed_20260522_delta_pp,seed_20260523_delta_pp,observed_delta_pp,ci_low_pp,ci_high_pp,ci_excludes_zero,seeds_favoring_proposed,resamples,bootstrap_seed,p_value,comparison
implicit_sentiment,positive_precision,2.182654250349081,1.8874643874643882,0.48192771084337727,1.5173487828856156,-0.672461847493235,3.729327736568773,False,3,10000,20260525,0.1613838616138386,proposed_multitask_minus_baseline_pragmatic_only
implicit_sentiment,positive_recall,0.0,-1.4285714285714235,0.4761904761904745,-0.31746031746031633,-2.722811944656006,1.9389240025194958,False,1,10000,20260525,0.7929207079292071,proposed_multitask_minus_baseline_pragmatic_only
implicit_sentiment,positive_f1,1.133646508406927,0.24485028191477687,0.4790419161676662,0.6191795688297901,-1.043547265466272,2.233160263061972,False,3,10000,20260525,0.44795520447955206,proposed_multitask_minus_baseline_pragmatic_only
sarcasm,positive_precision,1.7106918238993796,1.6795683790757687,-0.03892944038930146,1.1171102541952824,-2.720893278758604,5.081739584001365,False,2,10000,20260525,0.5713428657134286,proposed_multitask_minus_baseline_pragmatic_only
sarcasm,positive_recall,-2.941176470588236,2.941176470588236,7.352941176470584,2.450980392156861,-4.098465741908369,9.160305343511455,False,2,10000,20260525,0.45195480451954806,proposed_multitask_minus_baseline_pragmatic_only
sarcasm,positive_f1,-0.3223894749318501,2.2685260867924995,3.463203463203457,1.803113358354702,-2.0279971062316404,5.606049789741884,False,2,10000,20260525,0.31996800319968005,proposed_multitask_minus_baseline_pragmatic_only
irony,positive_precision,1.3912399492170935,2.167828329948951,0.010893246187371197,1.189987175117805,-0.7632700159772773,3.58955993945306,False,3,10000,20260525,0.2555744425557444,proposed_multitask_minus_baseline_pragmatic_only
irony,positive_recall,-0.7194244604316502,-0.7194244604316613,0.7194244604316502,-0.23980815347722043,-1.5873015873015817,0.9389671361502374,False,1,10000,20260525,0.9189081091890811,proposed_multitask_minus_baseline_pragmatic_only
irony,positive_f1,0.3243950294310016,0.6820119352088705,0.374253483742526,0.46022014946079937,-0.5583670266441575,1.6231889482625514,False,3,10000,20260525,0.40715928407159285,proposed_multitask_minus_baseline_pragmatic_only
idiom_figurative,positive_precision,3.9270838967923383,0.9011077311599669,0.2012072434607659,1.6764662904710237,-1.9582821510595694,5.554823919548714,False,3,10000,20260525,0.35296470352964704,proposed_multitask_minus_baseline_pragmatic_only
idiom_figurative,positive_recall,0.0,2.127659574468088,1.4184397163120588,1.1820330969267157,-1.8229166666666667,4.197530864197537,False,2,10000,20260525,0.44855514448555145,proposed_multitask_minus_baseline_pragmatic_only
idiom_figurative,positive_f1,1.8925964546402496,1.5564620008587382,0.8098286030456592,1.4196290195148822,-0.8755561361107566,3.768840972011615,False,3,10000,20260525,0.2131786821317868,proposed_multitask_minus_baseline_pragmatic_only
code_switching,positive_precision,3.4930586654724594,2.3088071348940975,-1.717988480283561,1.3612924400276651,-2.022283704579133,4.613847712534555,False,2,10000,20260525,0.38996100389961,proposed_multitask_minus_baseline_pragmatic_only
code_switching,positive_recall,-1.9867549668874163,1.9867549668874163,0.9933774834437026,0.33112582781456756,-2.2222222222222214,2.9999999999999956,False,2,10000,20260525,0.8041195880411959,proposed_multitask_minus_baseline_pragmatic_only
code_switching,positive_f1,0.7244129375276964,2.1464779078059215,-0.3553856071583983,0.8385017460584065,-0.9201956591571578,2.767609929460874,False,2,10000,20260525,0.34436556344365565,proposed_multitask_minus_baseline_pragmatic_only
mocking,positive_precision,1.614114114114118,1.1539885629654023,-2.3537868873610646,0.13810526323948524,-3.608455594526088,3.7802413881923207,False,2,10000,20260525,0.9313068693130687,proposed_multitask_minus_baseline_pragmatic_only
mocking,positive_recall,3.862660944206009,3.0042918454935674,2.145922746781115,3.0042918454935634,0.12960379805692515,5.9871482260301585,True,3,10000,20260525,0.0471952804719528,proposed_multitask_minus_baseline_pragmatic_only
mocking,positive_f1,2.810641474338582,2.1317150970552756,-0.10316875460574249,1.6130626055960384,-0.9445048563966425,4.151079333957219,False,2,10000,20260525,0.21637836216378362,proposed_multitask_minus_baseline_pragmatic_only
