question,system,scope,backbone,run_id,seed,artifact_id,successful_gpu_hours,failed_or_retried_gpu_hours,status,azure_cost_usd,azure_cost_status
Q1a,PhoBERT (single-task),baseline,PhoBERT-base,q1a_phobert_pragmatic_single_task_20260521,21,resource::q1a_phobert_pragmatic_single_task_20260521,0.6778702416905596,0.0,RESOURCE_FOUND,,NOT_RECORDED
Q1a,PhoBERT (single-task),baseline,PhoBERT-base,q1a_phobert_pragmatic_single_task_20260522,22,resource::q1a_phobert_pragmatic_single_task_20260522,0.6660772144739167,0.0,RESOURCE_FOUND,,NOT_RECORDED
Q1a,PhoBERT (single-task),baseline,PhoBERT-base,q1a_phobert_pragmatic_single_task_20260523,23,resource::q1a_phobert_pragmatic_single_task_20260523,0.790453731035264,0.0,RESOURCE_FOUND,,NOT_RECORDED
Q1a,PhoBERT (fine-tune),baseline,PhoBERT-base,q1a_phobert_pragmatic_finetune_20260521,21,resource::q1a_phobert_pragmatic_finetune_20260521,0.043853402786108844,0.0,RESOURCE_FOUND,,NOT_RECORDED
Q1a,PhoBERT (fine-tune),baseline,PhoBERT-base,q1a_phobert_pragmatic_finetune_20260522,22,resource::q1a_phobert_pragmatic_finetune_20260522,0.04464075214080771,0.0,RESOURCE_FOUND,,NOT_RECORDED
Q1a,PhoBERT (fine-tune),baseline,PhoBERT-base,q1a_phobert_pragmatic_finetune_20260523,23,resource::q1a_phobert_pragmatic_finetune_20260523,0.04445698780859756,0.0,RESOURCE_FOUND,,NOT_RECORDED
Q1a,XLM-R-large (baseline),baseline,XLM-R-large,q1a_xlmr_pragmatic_finetune_20260521,21,resource::q1a_xlmr_pragmatic_finetune_20260521,0.22784678057080276,0.0,RESOURCE_FOUND,,NOT_RECORDED
Q1a,XLM-R-large (baseline),baseline,XLM-R-large,q1a_xlmr_pragmatic_finetune_20260522,22,resource::q1a_xlmr_pragmatic_finetune_20260522,0.22895910816474094,0.0,RESOURCE_FOUND,,NOT_RECORDED
Q1a,XLM-R-large (baseline),baseline,XLM-R-large,q1a_xlmr_pragmatic_finetune_20260523,23,resource::q1a_xlmr_pragmatic_finetune_20260523,0.23034564338694002,0.0,RESOURCE_FOUND,,NOT_RECORDED
Q1a,Sailor-7B SFT,baseline,Sailor-7B,q1a_sailor_pragmatic_sft_20260521,21,resource::q1a_sailor_pragmatic_sft_20260521,1.0988281557669526,0.0,RESOURCE_FOUND,,NOT_RECORDED
Q1a,Sailor-7B SFT,baseline,Sailor-7B,q1a_sailor_pragmatic_sft_20260522,22,resource::q1a_sailor_pragmatic_sft_20260522,1.0505681272522067,0.0,RESOURCE_FOUND,,NOT_RECORDED
Q1a,Sailor-7B SFT,baseline,Sailor-7B,q1a_sailor_pragmatic_sft_20260523,23,resource::q1a_sailor_pragmatic_sft_20260523,1.0556514848533456,0.0,RESOURCE_FOUND,,NOT_RECORDED
Q1a,Vistral-7B SFT,baseline,Vistral-7B,q1a_vistral_pragmatic_sft_20260521,21,resource::q1a_vistral_pragmatic_sft_20260521,1.1287102714391626,0.0,RESOURCE_FOUND,,NOT_RECORDED
Q1a,Vistral-7B SFT,baseline,Vistral-7B,q1a_vistral_pragmatic_sft_20260522,22,resource::q1a_vistral_pragmatic_sft_20260522,1.139401261329169,0.0,RESOURCE_FOUND,,NOT_RECORDED
Q1a,Vistral-7B SFT,baseline,Vistral-7B,q1a_vistral_pragmatic_sft_20260523,23,resource::q1a_vistral_pragmatic_sft_20260523,1.1396362853719297,0.0,RESOURCE_FOUND,,NOT_RECORDED
Q1a,ViPragSent (XLM-R-large),primary,XLM-R-large,q1a_vipragsent_full_XLM_R_large_optimization_pragmatic_warmup020_irony105_implicit101_sarcasm101_code104_v37_20260521,21,resource::q1a_vipragsent_full_XLM_R_large_optimization_pragmatic_warmup020_irony105_implicit101_sarcasm101_code104_v37_20260521,1.595901585764174,0.0,RESOURCE_FOUND,,NOT_RECORDED
Q1a,ViPragSent (XLM-R-large),primary,XLM-R-large,q1a_vipragsent_full_XLM_R_large_optimization_pragmatic_warmup020_irony105_implicit101_sarcasm101_code104_v37_20260522,22,resource::q1a_vipragsent_full_XLM_R_large_optimization_pragmatic_warmup020_irony105_implicit101_sarcasm101_code104_v37_20260522,1.5819684380127323,0.0,RESOURCE_FOUND,,NOT_RECORDED
Q1a,ViPragSent (XLM-R-large),primary,XLM-R-large,q1a_vipragsent_full_XLM_R_large_optimization_pragmatic_warmup020_irony105_implicit101_sarcasm101_code104_v37_20260523,23,resource::q1a_vipragsent_full_XLM_R_large_optimization_pragmatic_warmup020_irony105_implicit101_sarcasm101_code104_v37_20260523,1.6053314109460917,0.0,RESOURCE_FOUND,,NOT_RECORDED
Q1a,ViPragSent-no-aux (Vistral),excluded_non_xlmr_vipragsent,Vistral-7B,q1a_vipragsent_no_auxiliary_vistral_20260521,21,resource::q1a_vipragsent_no_auxiliary_vistral_20260521,1.2824947788566836,0.0,RESOURCE_FOUND,,NOT_RECORDED
Q1a,ViPragSent-no-aux (Vistral),excluded_non_xlmr_vipragsent,Vistral-7B,q1a_vipragsent_no_auxiliary_vistral_20260522,22,resource::q1a_vipragsent_no_auxiliary_vistral_20260522,1.2567123304311179,0.0,RESOURCE_FOUND,,NOT_RECORDED
Q1a,ViPragSent-no-aux (Vistral),excluded_non_xlmr_vipragsent,Vistral-7B,q1a_vipragsent_no_auxiliary_vistral_20260523,23,resource::q1a_vipragsent_no_auxiliary_vistral_20260523,1.2619642585013935,0.0,RESOURCE_FOUND,,NOT_RECORDED
Q1a,ViPragSent full (Vistral),excluded_non_xlmr_vipragsent,Vistral-7B,q1a_vipragsent_full_vistral_20260521,21,resource::q1a_vipragsent_full_vistral_20260521,1.209952860160912,0.0,RESOURCE_FOUND,,NOT_RECORDED
Q1a,ViPragSent full (Vistral),excluded_non_xlmr_vipragsent,Vistral-7B,q1a_vipragsent_full_vistral_20260522,22,resource::q1a_vipragsent_full_vistral_20260522,1.2729097973814028,0.0,RESOURCE_FOUND,,NOT_RECORDED
Q1a,ViPragSent full (Vistral),excluded_non_xlmr_vipragsent,Vistral-7B,q1a_vipragsent_full_vistral_20260523,23,resource::q1a_vipragsent_full_vistral_20260523,1.2438838826254424,0.0,RESOURCE_FOUND,,NOT_RECORDED
Q1a,ViPragSent-CoT-only (Vistral),excluded_non_xlmr_vipragsent,Vistral-7B,q1a_cot_only_vistral_clean_rerun_003__seed_20260521,21,resource::q1a_cot_only_vistral_clean_rerun_003__seed_20260521,0.0,0.0,RESOURCE_FOUND,,NOT_APPLICABLE
Q1a,ViPragSent-CoT-only (Vistral),excluded_non_xlmr_vipragsent,Vistral-7B,q1a_cot_only_vistral_clean_rerun_003__seed_20260523,23,resource::q1a_cot_only_vistral_clean_rerun_003__seed_20260523,0.0,0.0,RESOURCE_FOUND,,NOT_APPLICABLE
