system,run_id,seed,dev_loss,dev_macro_pragmatic_f1,dev_metric,epoch,peak_memory_gb,seconds,train_loss
ViPragSent (XLM-R-large),xlmr_followup_q4_full_20260521,21,4.505818956375122,0.6664085560206859,0.6664085560206859,1.0,13.503221988677979,567.767133041285,23.058113382339478
ViPragSent (XLM-R-large),xlmr_followup_q4_full_20260521,21,4.606260042190552,0.7840923336544005,0.7840923336544005,2.0,13.503221988677979,564.9083147258498,15.899019145011902
ViPragSent (XLM-R-large),xlmr_followup_q4_full_20260521,21,2.671779218673706,0.8624376866692862,0.8624376866692862,3.0,13.503221988677979,585.0150534859858,13.116071012496949
ViPragSent (XLM-R-large),xlmr_followup_q4_full_20260521,21,2.139790044784546,0.8923576522630885,0.8923576522630885,4.0,13.503221988677979,565.0187315819785,11.493703964233399
ViPragSent (XLM-R-large),xlmr_followup_q4_full_20260521,21,1.9584704514741897,0.9014885814497311,0.9014885814497311,5.0,13.503221988677979,570.3436640566215,10.443721238136291
ViPragSent (XLM-R-large),xlmr_followup_q4_full_20260521,21,2.0373190611600878,0.898158069216502,0.898158069216502,6.0,13.503221988677979,587.8434492889792,9.66304707813263
ViPragSent (XLM-R-large),xlmr_followup_q4_full_20260521,21,1.863358365058899,0.9232057095980784,0.9232057095980784,7.0,13.503221988677979,583.1366912270896,9.11345394039154
ViPragSent (XLM-R-large),xlmr_followup_q4_full_20260521,21,1.882768283098936,0.9254283499280715,0.9254283499280715,8.0,13.503221988677979,584.532143753022,8.757706074237824
ViPragSent (XLM-R-large),xlmr_followup_q4_full_20260521,21,1.8234321225881576,0.9250700230704473,0.9250700230704473,9.0,13.503221988677979,577.3660791991279,8.575396906375884
ViPragSent (XLM-R-large),xlmr_followup_q4_full_20260521,21,1.8218660763204098,0.9275962387940221,0.9275962387940221,10.0,13.503221988677979,559.3144483910874,8.50807834815979
ViPragSent (XLM-R-large),xlmr_followup_q4_full_20260522,22,4.433035417556763,0.657076211004092,0.657076211004092,1.0,13.503221988677979,569.0524683301337,23.196970913887025
ViPragSent (XLM-R-large),xlmr_followup_q4_full_20260522,22,3.8534254856109618,0.7843413524007742,0.7843413524007742,2.0,13.503221988677979,579.0452974275686,15.303614100456238
ViPragSent (XLM-R-large),xlmr_followup_q4_full_20260522,22,2.6954909596443177,0.8686823204836266,0.8686823204836266,3.0,13.503221988677979,574.9667300991714,12.992519024848939
ViPragSent (XLM-R-large),xlmr_followup_q4_full_20260522,22,2.270374352693558,0.8908424316176897,0.8908424316176897,4.0,13.503221988677979,577.1806829557754,11.531945488929749
ViPragSent (XLM-R-large),xlmr_followup_q4_full_20260522,22,2.010875128746033,0.9103844408050001,0.9103844408050001,5.0,13.503221988677979,576.5644093607552,10.589942972183227
ViPragSent (XLM-R-large),xlmr_followup_q4_full_20260522,22,1.8868812861442565,0.914623630187475,0.914623630187475,6.0,13.503221988677979,566.326593820937,9.818097489356994
ViPragSent (XLM-R-large),xlmr_followup_q4_full_20260522,22,1.9768134672343731,0.9246750365726074,0.9246750365726074,7.0,13.503221988677979,562.9325025011785,9.220236730098724
ViPragSent (XLM-R-large),xlmr_followup_q4_full_20260522,22,1.9205382231473922,0.9268692865912233,0.9268692865912233,8.0,13.503221988677979,560.9729770971462,8.853867437362672
ViPragSent (XLM-R-large),xlmr_followup_q4_full_20260522,22,1.8545900628864764,0.9286164591465816,0.9286164591465816,9.0,13.503221988677979,560.1068353368901,8.64065134525299
ViPragSent (XLM-R-large),xlmr_followup_q4_full_20260522,22,1.841016990557313,0.9325326369550089,0.9325326369550089,10.0,13.503221988677979,567.9378799162805,8.573752596855163
ViPragSent (XLM-R-large),xlmr_followup_q4_full_20260523,23,4.851095176696777,0.6443385501424702,0.6443385501424702,1.0,13.503221988677979,563.986697895918,22.915189556121828
ViPragSent (XLM-R-large),xlmr_followup_q4_full_20260523,23,3.97313520860672,0.7900591801794993,0.7900591801794993,2.0,13.503221988677979,564.6986213191412,15.602340323448182
ViPragSent (XLM-R-large),xlmr_followup_q4_full_20260523,23,2.499623642921448,0.876668860625811,0.876668860625811,3.0,13.503221988677979,562.9201104040258,12.781846516609193
ViPragSent (XLM-R-large),xlmr_followup_q4_full_20260523,23,1.9940907742977143,0.9150573114556609,0.9150573114556609,4.0,13.503221988677979,563.7997105689719,11.24132861995697
ViPragSent (XLM-R-large),xlmr_followup_q4_full_20260523,23,2.006322400510311,0.9137712897865676,0.9137712897865676,5.0,13.503221988677979,567.1342827007174,10.280929403305054
ViPragSent (XLM-R-large),xlmr_followup_q4_full_20260523,23,1.8972374877929687,0.912114766503085,0.912114766503085,6.0,13.503221988677979,567.3445850112475,9.524247994422913
ViPragSent (XLM-R-large),xlmr_followup_q4_full_20260523,23,1.8944456498920919,0.9266821447350947,0.9266821447350947,7.0,13.503221988677979,578.1077114627697,8.95966498041153
ViPragSent (XLM-R-large),xlmr_followup_q4_full_20260523,23,1.879982282474637,0.9236741110325316,0.9236741110325316,8.0,13.503221988677979,589.3179035838693,8.590890285015107
ViPragSent (XLM-R-large),xlmr_followup_q4_full_20260523,23,1.8309719034731389,0.9246244074260046,0.9246244074260046,9.0,13.503221988677979,579.231799016241,8.392958983898163
ViPragSent (XLM-R-large),xlmr_followup_q4_full_20260523,23,1.8339931840449573,0.9264876074822684,0.9264876074822684,10.0,13.503221988677979,642.651657443028,8.32280596113205
Vistral-7B SFT,q4_vistral_pragmatic_sft_20260521,21,3.512121311247349,0.8474784452804215,0.8474784452804215,1.0,4.459105014801025,1271.981788686011,4.831476133378488
Vistral-7B SFT,q4_vistral_pragmatic_sft_20260521,21,3.705088611084968,0.8867069895146388,0.8867069895146388,2.0,4.459105014801025,1546.8824623571709,2.050366169216344
Vistral-7B SFT,q4_vistral_pragmatic_sft_20260521,21,3.9252844283556914,0.8845743822838573,0.8845743822838573,3.0,4.459105014801025,1519.3751400031615,0.8804801505600521
Vistral-7B SFT,q4_vistral_pragmatic_sft_20260522,22,4.5851554414853455,0.8361148552785139,0.8361148552785139,1.0,4.459105014801025,1417.8942809069995,5.667537675284382
Vistral-7B SFT,q4_vistral_pragmatic_sft_20260522,22,3.266909831246361,0.8819666566251153,0.8819666566251153,2.0,4.459105014801025,1458.7533412249759,2.3748799658751976
Vistral-7B SFT,q4_vistral_pragmatic_sft_20260522,22,3.873183167776093,0.8794572370123767,0.8794572370123767,3.0,4.459105014801025,1493.713406239869,1.08285213988572
Vistral-7B SFT,q4_vistral_pragmatic_sft_20260523,23,4.738189460501075,0.8473334597758031,0.8473334597758031,1.0,4.459105014801025,1404.027962447144,4.965359359505187
Vistral-7B SFT,q4_vistral_pragmatic_sft_20260523,23,3.2965333755705504,0.8838293927007057,0.8838293927007057,2.0,4.459105014801025,1442.3370796700474,2.0025509218683997
Vistral-7B SFT,q4_vistral_pragmatic_sft_20260523,23,4.541312230799289,0.8731014404772807,0.8731014404772807,3.0,4.459105014801025,1430.3114979751408,0.8574810074253578
