scope,repo_id,repo_type,path,size_bytes,tree_oid,lfs_oid,lfs_size_bytes,lfs_pointer_size,xet_hash,commit_id,commit_date,question_path_inference
xlmr_scope,Thundergod2007/vipragsent-experiment-artifacts-overflow-012,model,campaigns/vipragsent-xlmr-q1b-q4-followup-v1/xlmr_followup_q2_no_multitask_20260523/components/code_switching/checkpoints/best/model.pt,6706545694,2cfc023516271816d10d64cbca7419cfdd6bcde1,701ef4ea0a8142371a1d7a288cc30c9584a1239e698ab095501c1f41b7bb0590,6706545694,135,780950ce68f763109233704d51cacbf35c9e1e76e70fab781df3262f20efd492,bcd95ed8588584ae9f1e77d6ef1767dced560b91,2026-09-13T17:12:19.000Z,Q2
xlmr_scope,Thundergod2007/vipragsent-experiment-artifacts-overflow-012,model,campaigns/vipragsent-xlmr-q1b-q4-followup-v1/xlmr_followup_q2_no_multitask_20260523/components/code_switching/checkpoints/latest/model.pt,6706593568,464e99bbeb04da5c390750f37ec2e7e71366d1ce,b85052ca58330093cb26d35add330c8d26a96ef2c05aa65984879735eddec0b0,6706593568,135,b5aa14fd0e7cf6064d1d1d9afcc1a87605bff51ad586bc4e272991b8748e7754,bcd95ed8588584ae9f1e77d6ef1767dced560b91,2026-09-13T17:12:19.000Z,Q2
xlmr_scope,Thundergod2007/vipragsent-experiment-artifacts-overflow-012,model,campaigns/vipragsent-xlmr-q1b-q4-followup-v1/xlmr_followup_q2_no_multitask_20260523/components/emotion/checkpoints/best/model.pt,6706619422,9ac58a29267d8c33ae124de84ba12f0fe5481e28,63edcb386a1b4cf5f5f23a7eb4e6bc2e2f7510dff67fbda756ae481efc72e35e,6706619422,135,b9db8b2fe988e6fe26a51c78cf0f2fbf9d579e76d861a55e34bafded468f2b41,9dcb4ef8c764d0e814eb582fd2afd2551ca4ab52,2026-09-13T18:06:47.000Z,Q2
xlmr_scope,Thundergod2007/vipragsent-experiment-artifacts-overflow-012,model,campaigns/vipragsent-xlmr-q1b-q4-followup-v1/xlmr_followup_q2_no_multitask_20260523/components/emotion/checkpoints/latest/model.pt,6706667296,8c137f54827dd8bc6583f335127b6c96b82083c7,713113c6aaf4f89e084f8c956a373c4d4f14840ac3540a935c52ccf8918b7009,6706667296,135,f52499f32c887d4d3f259f5d5f99fd5f44590bed05a77ac44e4364f33a5a0a47,9dcb4ef8c764d0e814eb582fd2afd2551ca4ab52,2026-09-13T18:06:47.000Z,Q2
xlmr_scope,Thundergod2007/vipragsent-experiment-artifacts-overflow-012,model,campaigns/vipragsent-xlmr-q1b-q4-followup-v1/xlmr_followup_q2_no_multitask_20260523/components/idiom_figurative/checkpoints/best/model.pt,6706545694,9012ddbc5c353370c71666c64f0fa7c2ebc38c60,de9137590d03c932ab3c0f4dec142911adc5bd5d44e8bfc3a51e6ae70cb12eaa,6706545694,135,c061244728cb0307f755c5f7d7d5fb6ffae218a95de4855c62513932b493755a,82e980555e85a78c82f4111520471de8fb0b11ca,2026-09-13T16:59:17.000Z,Q2
xlmr_scope,Thundergod2007/vipragsent-experiment-artifacts-overflow-012,model,campaigns/vipragsent-xlmr-q1b-q4-followup-v1/xlmr_followup_q2_no_multitask_20260523/components/idiom_figurative/checkpoints/latest/model.pt,6706593568,55fce4be2624b3f8c446372f7ecd17201a1adf85,05e2923215698150c661eb0b695ba55815494248bdaa6f6282bca95b9b03345f,6706593568,135,4cb52ac2e206474fb44167c06426269481372ef86c43da89c0c1eb7f3ce1aea4,d8e6cd30e7969783dd4a80255e2bba4ece27d5c8,2026-09-13T17:03:49.000Z,Q2
xlmr_scope,Thundergod2007/vipragsent-experiment-artifacts-overflow-012,model,campaigns/vipragsent-xlmr-q1b-q4-followup-v1/xlmr_followup_q2_no_multitask_20260523/components/implicit_sentiment/checkpoints/best/model.pt,6706545694,ab312b546a978148debc647f96a25cb0a3142f58,6428c5ef267dc5c0d2f6d7078f36ca5b6ad7b3b2be6705d3aef5a88358e1f68f,6706545694,135,89f1b724d2d92e3dfe56b66c26c8b515088a0a3ee99d1516ab74e9c71e73eb31,aa2dcc4fb9e1289744c2bae088f79fb6c44dc9e0,2026-09-13T16:11:43.000Z,Q2
xlmr_scope,Thundergod2007/vipragsent-experiment-artifacts-overflow-012,model,campaigns/vipragsent-xlmr-q1b-q4-followup-v1/xlmr_followup_q2_no_multitask_20260523/components/implicit_sentiment/checkpoints/latest/model.pt,6706593568,0d6dfc9cfc7940d5197f52e77d04c7767ffc599e,c993d5cc58d0994bf4786b099274977d59e0f26425d85c6affb3e20d84d56da5,6706593568,135,adb776d4a04121b1c67aab46e5c9008741aaec6d3eec2299b7fc22e06572afea,aa2dcc4fb9e1289744c2bae088f79fb6c44dc9e0,2026-09-13T16:11:43.000Z,Q2
xlmr_scope,Thundergod2007/vipragsent-experiment-artifacts-overflow-012,model,campaigns/vipragsent-xlmr-q1b-q4-followup-v1/xlmr_followup_q2_no_multitask_20260523/components/irony/checkpoints/best/model.pt,6706545694,907b91a876e1170938fce86931141ccd8ea6aaff,e32fb03f4ddecd4eeb039f619171e0ef98031d0e71f171f4f71b0d20a0fa8c60,6706545694,135,55111e3c133aa766cdd4bce5299414b2d09385868a469d6ccf382a01b898b598,b8f6c427448486641aed2d5dfb45325c8e100a5e,2026-09-13T16:50:30.000Z,Q2
xlmr_scope,Thundergod2007/vipragsent-experiment-artifacts-overflow-012,model,campaigns/vipragsent-xlmr-q1b-q4-followup-v1/xlmr_followup_q2_no_multitask_20260523/components/irony/checkpoints/latest/model.pt,6706593568,9361b2fbde3b8283ba4bcb57a151923653eed420,8f8e71130d8c0e11472c95387607171a10441b925fe9168ebb9314dab1c46e6d,6706593568,135,5acc62399e143b8caedfbe3a0776585b59f670d4ac8afcfe5e07c39de3a9b6ab,b8f6c427448486641aed2d5dfb45325c8e100a5e,2026-09-13T16:50:30.000Z,Q2
xlmr_scope,Thundergod2007/vipragsent-experiment-artifacts-overflow-012,model,campaigns/vipragsent-xlmr-q1b-q4-followup-v1/xlmr_followup_q2_no_multitask_20260523/components/mocking/checkpoints/best/model.pt,6706545694,d64b486e61c65c53d294511c0ebc06daf398e5a5,eda0eb8ab290d2d3a3ec3d0683719334f09b4c0e1188b89b7792c9f43d4ffc0e,6706545694,135,5f68acd231ed2c6528ea0c2d6afdb4794b191d3eed2ae211608934b81a4789aa,41dfada5d1a6dee699239aef44b92d8050399219,2026-09-13T17:21:47.000Z,Q2
xlmr_scope,Thundergod2007/vipragsent-experiment-artifacts-overflow-012,model,campaigns/vipragsent-xlmr-q1b-q4-followup-v1/xlmr_followup_q2_no_multitask_20260523/components/mocking/checkpoints/latest/model.pt,6706593568,fc19e5eb9e5abf5d36befaf4e419449b533b525d,1cf0f8672ee8642a30706912ce67bc97ed6f1c7ccd2c59c72b8d2d1d62a86739,6706593568,135,7b947070afa47c6ae061a26b53da2e9f31dfeb3a39b4b862e078d1192e76a46e,41dfada5d1a6dee699239aef44b92d8050399219,2026-09-13T17:21:47.000Z,Q2
xlmr_scope,Thundergod2007/vipragsent-experiment-artifacts-overflow-012,model,campaigns/vipragsent-xlmr-q1b-q4-followup-v1/xlmr_followup_q2_no_multitask_20260523/components/polarity/checkpoints/best/model.pt,6706570270,688404783ef5a52eb6d9f7f9016f211e0548f8f4,4a44de42c324b16de1025753ec58a4e846585570e4ce99ec45f7ccf939818948,6706570270,135,8ad5ed9b675c21480e80e04eb320332998728a080e4c0ac15ffaabe293fe4e8b,8e4f5dd6ed7911d5c232000e4cb13e1af19238be,2026-09-13T17:42:00.000Z,Q2
xlmr_scope,Thundergod2007/vipragsent-experiment-artifacts-overflow-012,model,campaigns/vipragsent-xlmr-q1b-q4-followup-v1/xlmr_followup_q2_no_multitask_20260523/components/polarity/checkpoints/latest/model.pt,6706618144,2d986f3839e65ec4789e0616359356b42d0d8502,050e2cf3f83295cd3615362ba99ffa62e4aaa4eab9f9b12b5dfd52c965bc034c,6706618144,135,f48786744d39d1169add89b1668c0f9eb5e4a7369cea2765f7f0cf9920af8b15,8e4f5dd6ed7911d5c232000e4cb13e1af19238be,2026-09-13T17:42:00.000Z,Q2
xlmr_scope,Thundergod2007/vipragsent-experiment-artifacts-overflow-012,model,campaigns/vipragsent-xlmr-q1b-q4-followup-v1/xlmr_followup_q2_no_multitask_20260523/components/sarcasm/checkpoints/best/model.pt,6706545694,a88499c430908f04286aa15c7d626dd5477d141e,4b88cbd813e8cff481a2e20592a7f4934f506f5964c67e5929c2e00d65f0cf88,6706545694,135,090622580be2186364c90473446b82e9a6dc7143406c9177511955a67f50b7f1,1c97f905457835d19a20f8cd39541afad4c04c8f,2026-09-13T16:26:11.000Z,Q2
xlmr_scope,Thundergod2007/vipragsent-experiment-artifacts-overflow-012,model,campaigns/vipragsent-xlmr-q1b-q4-followup-v1/xlmr_followup_q2_no_multitask_20260523/components/sarcasm/checkpoints/latest/model.pt,6706593568,0993dac1a9fc7d7d19956dc4824adac01c3cecf1,737b6a662f5546311653e9d5f8df0c42a24f23ceeb4c451b02fc2ce1efd0cb30,6706593568,135,26baa1688e77f43e78f6a73572db0f969afa8cbeea330159cf994c0683ba88a8,1c97f905457835d19a20f8cd39541afad4c04c8f,2026-09-13T16:26:11.000Z,Q2
xlmr_scope,Thundergod2007/vipragsent-experiment-artifacts-overflow-012,model,campaigns/vipragsent-xlmr-q1b-q4-followup-v1/xlmr_followup_q4_full_20260523/source/best_model.pt,7098835370,61990bb3ec19eb5ff92986fc3fc7accaf3fd31f3,deff90245b4364f1abf3034e487fdfb7ccac31b0899cebe3a0a968149e9726c4,7098835370,135,e18b0df6070face92f17ff735603b9e691517f900af4f1fa0e34c7deaf438a98,3ba7fd99d2c76b8559eaeb137876006e210f0346,2026-09-14T21:41:17.000Z,Q4
xlmr_scope,Thundergod2007/vipragsent-experiment-artifacts-overflow-017,model,campaigns/vipragsent-xlmr-q1b-q4-followup-v1/xlmr_followup_q4_full_20260521/source/best_model.pt,7098835498,550ad0245845ac75ff3bb12e5dab9d67c7bd83e6,afb6cb6db2fd8e7f78e07b01c0300c348baf7a036351b97bd0c8ad22b4d28845,7098835498,135,0699cd8850585314f1d73e47d8e7233fb47957f72cc5a9193cc7ab44d2c543fe,1f020a392ed72868d4d0da82b7c6f65d4b9a1739,2026-09-13T16:01:17.000Z,Q4
xlmr_scope,Thundergod2007/vipragsent-experiment-artifacts-overflow-017,model,campaigns/vipragsent-xlmr-q1b-q4-followup-v1/xlmr_followup_q4_full_20260522/source/best_model.pt,7098835626,1024d1a08cde7c0361ed19c3e80676c130395cad,8217f4f6c5850456e3394c75b74df30fb46b39628183e4e1cf5629019ed223b9,7098835626,135,d81f3f70cb14d39e1651103af45f0dbba41d69766766c456be1810f606a3d43c,3a3a508105533b8cbd2ecb81ed767ab0ad08b244,2026-09-14T21:37:05.000Z,Q4
xlmr_scope,Thundergod2007/vipragsent-experiment-artifacts-overflow-018,model,campaigns/vipragsent-xlmr-q1b-q4-followup-v1/xlmr_followup_q2_no_multitask_20260521/components/code_switching/checkpoints/best/model.pt,6706545694,b74d905d2d7cf493265b88b1ae4485bdaba01f17,0c618f14a6703e89a8f9c35fc68ad1934a3b3598fac5bdd17d4d59eb3f8aea98,6706545694,135,3b815cf7fe62fa5ef5981b412872e71ed38f515134ac1fdd9370600d998baab2,18ebcbf3a98cfbdf773f80e64c500f8118677644,2026-09-13T11:51:39.000Z,Q2
xlmr_scope,Thundergod2007/vipragsent-experiment-artifacts-overflow-018,model,campaigns/vipragsent-xlmr-q1b-q4-followup-v1/xlmr_followup_q2_no_multitask_20260521/components/code_switching/checkpoints/latest/model.pt,6706593568,a951a4e6090d45c8c261e3b2b43a190864c0b1cc,fc5eeb04c0dbcd3ef6a099db66211a715c972bebf866e5b92ac904e43b69c96c,6706593568,135,e3962878ef591b10ce3e346aa870aaff3fbefc0eaedd9c3f82adcef8d8e82089,9c9388404f0cb3fe14149783bea2ffc746f7d9d8,2026-09-13T11:52:04.000Z,Q2
xlmr_scope,Thundergod2007/vipragsent-experiment-artifacts-overflow-018,model,campaigns/vipragsent-xlmr-q1b-q4-followup-v1/xlmr_followup_q2_no_multitask_20260521/components/code_switching/engine_checkpoints/best.pt,6706545694,b74d905d2d7cf493265b88b1ae4485bdaba01f17,0c618f14a6703e89a8f9c35fc68ad1934a3b3598fac5bdd17d4d59eb3f8aea98,6706545694,135,3b815cf7fe62fa5ef5981b412872e71ed38f515134ac1fdd9370600d998baab2,a719a533e4d23e253244e6326cc42c8b9955d9f4,2026-09-13T11:34:18.000Z,Q2
xlmr_scope,Thundergod2007/vipragsent-experiment-artifacts-overflow-018,model,campaigns/vipragsent-xlmr-q1b-q4-followup-v1/xlmr_followup_q2_no_multitask_20260521/components/code_switching/engine_checkpoints/latest.pt,6706593568,a951a4e6090d45c8c261e3b2b43a190864c0b1cc,fc5eeb04c0dbcd3ef6a099db66211a715c972bebf866e5b92ac904e43b69c96c,6706593568,135,e3962878ef591b10ce3e346aa870aaff3fbefc0eaedd9c3f82adcef8d8e82089,b9a53444e2ea656e316c56eb1f2b5706594ef82f,2026-09-13T11:48:50.000Z,Q2
xlmr_scope,Thundergod2007/vipragsent-experiment-artifacts-overflow-018,model,campaigns/vipragsent-xlmr-q1b-q4-followup-v1/xlmr_followup_q2_no_multitask_20260521/components/emotion/checkpoints/best/model.pt,6706619422,bb1712823bb0102b6967108f1f12d72411e135a7,f5809f0e1f21513f7b1fb310b298620b3d26f0406dedc8eb1baf1060591070be,6706619422,135,effde9858ebd3a324f4df9bfbb5345f445ca80f19d40d0debeb57e7ee175623e,a778a192be0eafa46669b01cd001f5c1a1ee6d25,2026-09-13T12:56:32.000Z,Q2
xlmr_scope,Thundergod2007/vipragsent-experiment-artifacts-overflow-018,model,campaigns/vipragsent-xlmr-q1b-q4-followup-v1/xlmr_followup_q2_no_multitask_20260521/components/emotion/checkpoints/latest/model.pt,6706667296,0e8a82e0f661068c620739f3afa5aa735ea1f54e,210949bbbdaaf1990bfe96afd24cfc897b5809cf67b683a6b21229bd4b7cdaf6,6706667296,135,2f54f96ec05b1219d25559bdfb9d1b2fd249284e894fc17cb3add31dfc7012df,a778a192be0eafa46669b01cd001f5c1a1ee6d25,2026-09-13T12:56:32.000Z,Q2
xlmr_scope,Thundergod2007/vipragsent-experiment-artifacts-overflow-018,model,campaigns/vipragsent-xlmr-q1b-q4-followup-v1/xlmr_followup_q2_no_multitask_20260521/components/idiom_figurative/checkpoints/best/model.pt,6706545694,932e4bb56987cd86445a075b38f73171c424897e,9ee654c042d479987b1c57262d0e3e80c40611d4a0100772905313847b80f27f,6706545694,135,0a9456af6c9b9b094b2f9cccc7bc3feb060d6166ba2babae2e540d0d2045c1e4,88d57605b168447fc69c6cf80fd2d3576fad1c8f,2026-09-13T11:43:07.000Z,Q2
xlmr_scope,Thundergod2007/vipragsent-experiment-artifacts-overflow-018,model,campaigns/vipragsent-xlmr-q1b-q4-followup-v1/xlmr_followup_q2_no_multitask_20260521/components/idiom_figurative/checkpoints/latest/model.pt,6706593568,8ce5654daa4cc046bb8ff5be289f5d0a5081012b,6fbc7bc09ef02b02bbe3ebe56d4c9d81fdf32c1611ad0fe3cab0c0c540ae023f,6706593568,135,77b20131338f3b9c9af98d539a0f7d52a59498ea23859e0d5fc803c5d75e9263,a54f65d561e33a4c278c64cb8dbc4481d7ae4716,2026-09-13T11:44:14.000Z,Q2
xlmr_scope,Thundergod2007/vipragsent-experiment-artifacts-overflow-018,model,campaigns/vipragsent-xlmr-q1b-q4-followup-v1/xlmr_followup_q2_no_multitask_20260521/components/idiom_figurative/engine_checkpoints/best.pt,6706545694,932e4bb56987cd86445a075b38f73171c424897e,9ee654c042d479987b1c57262d0e3e80c40611d4a0100772905313847b80f27f,6706545694,135,0a9456af6c9b9b094b2f9cccc7bc3feb060d6166ba2babae2e540d0d2045c1e4,75bbc81e05945b2670f6eaa57e0f8a6c93518112,2026-09-13T11:13:55.000Z,Q2
xlmr_scope,Thundergod2007/vipragsent-experiment-artifacts-overflow-018,model,campaigns/vipragsent-xlmr-q1b-q4-followup-v1/xlmr_followup_q2_no_multitask_20260521/components/idiom_figurative/engine_checkpoints/latest.pt,6706593568,8ce5654daa4cc046bb8ff5be289f5d0a5081012b,6fbc7bc09ef02b02bbe3ebe56d4c9d81fdf32c1611ad0fe3cab0c0c540ae023f,6706593568,135,77b20131338f3b9c9af98d539a0f7d52a59498ea23859e0d5fc803c5d75e9263,5a5d9b1c0d775a0c6770f02f63f2c90e2e2b2a67,2026-09-13T11:46:50.000Z,Q2
xlmr_scope,Thundergod2007/vipragsent-experiment-artifacts-overflow-018,model,campaigns/vipragsent-xlmr-q1b-q4-followup-v1/xlmr_followup_q2_no_multitask_20260521/components/implicit_sentiment/checkpoints/best/model.pt,6706545694,9e78b677bfabbce9f2564929f818a31dcba59fc9,ee6e11022651aaefb9a92443eb678fc7420d14fced139de488dda44687fc1941,6706545694,135,09b88034f79be064fef09dabd7e79d3ca4c2ee938ff49d836b081a83d4ec2841,6ee9cf780b83eecc0c1695540813bf14a90f517c,2026-09-13T10:53:58.000Z,Q2
xlmr_scope,Thundergod2007/vipragsent-experiment-artifacts-overflow-018,model,campaigns/vipragsent-xlmr-q1b-q4-followup-v1/xlmr_followup_q2_no_multitask_20260521/components/implicit_sentiment/checkpoints/latest/model.pt,6706593568,e27fb59998a960486998721dc1f2cccdb735d249,bb1bd7c38dc9f004c2f4f2193fb5d3ca6c4274fd6fb28b4cf428a558fc9e8d4a,6706593568,135,7e95ae61a8320b4ee1dba0a02e78172e3286d0aea20f9a5beb41347fd704a8e6,dd2e825c0e7b43b2a38b62edcb6b36b13e97f915,2026-09-13T10:54:58.000Z,Q2
xlmr_scope,Thundergod2007/vipragsent-experiment-artifacts-overflow-018,model,campaigns/vipragsent-xlmr-q1b-q4-followup-v1/xlmr_followup_q2_no_multitask_20260521/components/implicit_sentiment/engine_checkpoints/best.pt,6706545694,9e78b677bfabbce9f2564929f818a31dcba59fc9,ee6e11022651aaefb9a92443eb678fc7420d14fced139de488dda44687fc1941,6706545694,135,09b88034f79be064fef09dabd7e79d3ca4c2ee938ff49d836b081a83d4ec2841,74cc5dee61781a046661ba2b88e4ef33a1191a55,2026-09-13T11:01:43.000Z,Q2
xlmr_scope,Thundergod2007/vipragsent-experiment-artifacts-overflow-018,model,campaigns/vipragsent-xlmr-q1b-q4-followup-v1/xlmr_followup_q2_no_multitask_20260521/components/implicit_sentiment/engine_checkpoints/latest.pt,6706593568,e27fb59998a960486998721dc1f2cccdb735d249,bb1bd7c38dc9f004c2f4f2193fb5d3ca6c4274fd6fb28b4cf428a558fc9e8d4a,6706593568,135,7e95ae61a8320b4ee1dba0a02e78172e3286d0aea20f9a5beb41347fd704a8e6,e654771579ddfeb1b2c3cd476a3963ff504edbc3,2026-09-13T11:04:10.000Z,Q2
xlmr_scope,Thundergod2007/vipragsent-experiment-artifacts-overflow-018,model,campaigns/vipragsent-xlmr-q1b-q4-followup-v1/xlmr_followup_q2_no_multitask_20260521/components/irony/checkpoints/best/model.pt,6706545694,d97ca6d0a2566186d674be047a40b0f93910bc57,45e1d6cb26862147a83713dcc1e618692f3872f20f765c09f80f7f8050be4026,6706545694,135,55447840c40e52b12efb3379d9e90c21917eba6f8b42a9fca00616e5df39d75d,88976b149064febc27b1ec8c945500f6a3faeb1f,2026-09-13T11:22:04.000Z,Q2
xlmr_scope,Thundergod2007/vipragsent-experiment-artifacts-overflow-018,model,campaigns/vipragsent-xlmr-q1b-q4-followup-v1/xlmr_followup_q2_no_multitask_20260521/components/irony/checkpoints/latest/model.pt,6706593568,27d697bbadafaf587bd8d22e5eb4afa6022de4d1,08585970a4ac3c9d7d74fecd6f1d135e75c9ef0eb162df75aff3fa3f56a5dde3,6706593568,135,4fb65069cf8e1d60c5c15823d1478baadc9aff17693887a28650f5d18b73b48d,70a96b5bb847e0f492d23b0fa219bbaafe21ccb1,2026-09-13T11:23:05.000Z,Q2
xlmr_scope,Thundergod2007/vipragsent-experiment-artifacts-overflow-018,model,campaigns/vipragsent-xlmr-q1b-q4-followup-v1/xlmr_followup_q2_no_multitask_20260521/components/irony/engine_checkpoints/best.pt,6706545694,d97ca6d0a2566186d674be047a40b0f93910bc57,45e1d6cb26862147a83713dcc1e618692f3872f20f765c09f80f7f8050be4026,6706545694,135,55447840c40e52b12efb3379d9e90c21917eba6f8b42a9fca00616e5df39d75d,9ab05a446ec9a6e3e057c69c9d2b6953ff5776d5,2026-09-13T11:06:41.000Z,Q2
xlmr_scope,Thundergod2007/vipragsent-experiment-artifacts-overflow-018,model,campaigns/vipragsent-xlmr-q1b-q4-followup-v1/xlmr_followup_q2_no_multitask_20260521/components/irony/engine_checkpoints/latest.pt,6706593568,27d697bbadafaf587bd8d22e5eb4afa6022de4d1,08585970a4ac3c9d7d74fecd6f1d135e75c9ef0eb162df75aff3fa3f56a5dde3,6706593568,135,4fb65069cf8e1d60c5c15823d1478baadc9aff17693887a28650f5d18b73b48d,5c6e6a085a6c011f31de43c601778ae8d8963145,2026-09-13T11:25:42.000Z,Q2
xlmr_scope,Thundergod2007/vipragsent-experiment-artifacts-overflow-018,model,campaigns/vipragsent-xlmr-q1b-q4-followup-v1/xlmr_followup_q2_no_multitask_20260521/components/mocking/checkpoints/best/model.pt,6706545694,652325ebd0442426a0305fe430cb363e80ace37e,5cb04ad204234f34759de2978588c943510ea02b940361d2fd77e880dabe27df,6706545694,135,53aa40d0b374333b4cea2d047d376b1aff23516a126d0d91ca3427f69a57f24f,a778a192be0eafa46669b01cd001f5c1a1ee6d25,2026-09-13T12:56:32.000Z,Q2
xlmr_scope,Thundergod2007/vipragsent-experiment-artifacts-overflow-018,model,campaigns/vipragsent-xlmr-q1b-q4-followup-v1/xlmr_followup_q2_no_multitask_20260521/components/mocking/checkpoints/latest/model.pt,6706593568,c428aabd64459fb0d27b76317f0ff4da3fc90b17,3308e2295424c7989b598de735201adb7d705292755e2c3ba1d9c63fa8e402eb,6706593568,135,3469bdb90f38b358a25d3752bb4a2f51aa88a8d100175eda63f48d961e5ab486,a778a192be0eafa46669b01cd001f5c1a1ee6d25,2026-09-13T12:56:32.000Z,Q2
xlmr_scope,Thundergod2007/vipragsent-experiment-artifacts-overflow-018,model,campaigns/vipragsent-xlmr-q1b-q4-followup-v1/xlmr_followup_q2_no_multitask_20260521/components/polarity/checkpoints/best/model.pt,6706570270,a66520f708f46805897ae9abdc93ab026af3a8ed,a7467194e8637341212e157aee1f3877c9fe73dc5451f8921a0a8e2ca96026d6,6706570270,135,f101c766a884bba8050f3a512e3339012d49d3de9f0a868ea9eac93970351994,a778a192be0eafa46669b01cd001f5c1a1ee6d25,2026-09-13T12:56:32.000Z,Q2
xlmr_scope,Thundergod2007/vipragsent-experiment-artifacts-overflow-018,model,campaigns/vipragsent-xlmr-q1b-q4-followup-v1/xlmr_followup_q2_no_multitask_20260521/components/polarity/checkpoints/latest/model.pt,6706618144,f15013059b8fc79baaa1864b069ff8209fa604fe,4b2c4bfed029056a1f5312a73ad2e33cb9ec96689a11ac3050ce4ae518362e9e,6706618144,135,825368830040b005705e1fb30f1c41afe048f83423cd9bfebc590d7b85277735,a778a192be0eafa46669b01cd001f5c1a1ee6d25,2026-09-13T12:56:32.000Z,Q2
xlmr_scope,Thundergod2007/vipragsent-experiment-artifacts-overflow-018,model,campaigns/vipragsent-xlmr-q1b-q4-followup-v1/xlmr_followup_q2_no_multitask_20260521/components/sarcasm/checkpoints/best/model.pt,6706545694,d18499820b70c897b9bac5021e28b6c9b7305d11,19531a5dd31811177bca19cb30c92e868b53e8c8b7c84dd85d5fbebb3ea70bcb,6706545694,135,f913a49c727249d7d98c71366c5002cc14061071e778cbff4f81a67f6659225c,aecaf9949e4b0ba8992f9d92c692aa9d65395777,2026-09-13T11:07:50.000Z,Q2
xlmr_scope,Thundergod2007/vipragsent-experiment-artifacts-overflow-018,model,campaigns/vipragsent-xlmr-q1b-q4-followup-v1/xlmr_followup_q2_no_multitask_20260521/components/sarcasm/checkpoints/latest/model.pt,6706593568,a97614143d8a97c4389229d7668adb018b72cf40,5fb19ac180258af02e913d97e0d1a1673dad18d7fb872d9414e21d5e8689241d,6706593568,135,ff7018216ce0a05eaf73b68c30e3af3f9db51b2d9b8525c96807b12914f0097d,007d1af8807534bbed587d118f0a529c8dedf337,2026-09-13T11:08:56.000Z,Q2
xlmr_scope,Thundergod2007/vipragsent-experiment-artifacts-overflow-018,model,campaigns/vipragsent-xlmr-q1b-q4-followup-v1/xlmr_followup_q2_no_multitask_20260521/components/sarcasm/engine_checkpoints/best.pt,6706545694,d18499820b70c897b9bac5021e28b6c9b7305d11,19531a5dd31811177bca19cb30c92e868b53e8c8b7c84dd85d5fbebb3ea70bcb,6706545694,135,f913a49c727249d7d98c71366c5002cc14061071e778cbff4f81a67f6659225c,9f3381a5b3fc042db7b0804c6c9b6d2bbc0dbc1b,2026-09-13T11:09:26.000Z,Q2
xlmr_scope,Thundergod2007/vipragsent-experiment-artifacts-overflow-018,model,campaigns/vipragsent-xlmr-q1b-q4-followup-v1/xlmr_followup_q2_no_multitask_20260521/components/sarcasm/engine_checkpoints/latest.pt,6706593568,a97614143d8a97c4389229d7668adb018b72cf40,5fb19ac180258af02e913d97e0d1a1673dad18d7fb872d9414e21d5e8689241d,6706593568,135,ff7018216ce0a05eaf73b68c30e3af3f9db51b2d9b8525c96807b12914f0097d,29a469e586458d30b559aa8970cdcc854c616336,2026-09-13T11:11:55.000Z,Q2
xlmr_scope,Thundergod2007/vipragsent-experiment-artifacts-overflow-025,model,campaigns/vipragsent-xlmr-q1b-q4-followup-v1/xlmr_followup_q2_no_multitask_20260522/components/code_switching/checkpoints/best/model.pt,6706545694,570213f1752441de8226ae669ffe2dfd34040604,893c7ced303ae547ab11bf2bd17beda30ded0c1d720cbd7872c70d13aacf0eb3,6706545694,135,9ebd222fb4b9cb6569b4286bf29598bb127aec46ccb2389a42ca37e8a661eb2a,03dfe5bca0b14fc1795fd30f220b8a7c35f761fb,2026-09-13T14:42:48.000Z,Q2
xlmr_scope,Thundergod2007/vipragsent-experiment-artifacts-overflow-025,model,campaigns/vipragsent-xlmr-q1b-q4-followup-v1/xlmr_followup_q2_no_multitask_20260522/components/code_switching/checkpoints/latest/model.pt,6706593568,ec39f3a4f208c471add7ab0d07cc0ae6aca08c42,6bce305c1b61cda149a190dd4f80721355737a15823bb7a96a72eacc01cc98bb,6706593568,135,31d0793c57b6686d94685baf1e16206edec92d91c7dbb304772cfd673e55c1f0,03dfe5bca0b14fc1795fd30f220b8a7c35f761fb,2026-09-13T14:42:48.000Z,Q2
xlmr_scope,Thundergod2007/vipragsent-experiment-artifacts-overflow-025,model,campaigns/vipragsent-xlmr-q1b-q4-followup-v1/xlmr_followup_q2_no_multitask_20260522/components/emotion/checkpoints/best/model.pt,6706619422,460d7a7b5ff67ede514668dc5f4671771202703f,e703d7a0361f59dd01c6e33d9f415b56f97021a305f073cdb9e9377d5394cc26,6706619422,135,476864be8251892a618b487c59cb3bec219ce0197d5e488d80c4e671164dc586,a4f1352b1e2e1fe0f11876547cb8f03f72ec0ace,2026-09-13T16:07:02.000Z,Q2
xlmr_scope,Thundergod2007/vipragsent-experiment-artifacts-overflow-025,model,campaigns/vipragsent-xlmr-q1b-q4-followup-v1/xlmr_followup_q2_no_multitask_20260522/components/emotion/checkpoints/latest/model.pt,6706667296,c7f688336ec3abd7e0972c8492de2b05beaf1ca8,827e8d9f655095aa89d8fdf227c0fc1b641dde30302dc05d5b79b05c652ae18f,6706667296,135,c1fc5b167af5831c01c4afd7aca166985e4723b25e85eabe3ab186927c78074a,a4f1352b1e2e1fe0f11876547cb8f03f72ec0ace,2026-09-13T16:07:02.000Z,Q2
xlmr_scope,Thundergod2007/vipragsent-experiment-artifacts-overflow-025,model,campaigns/vipragsent-xlmr-q1b-q4-followup-v1/xlmr_followup_q2_no_multitask_20260522/components/idiom_figurative/checkpoints/best/model.pt,6706545694,4b422b97d44cf37d4b39c3245ed173e3b79be7f2,ee025fec180ef7daeabd2731f75953d69dcb2203b48f3770e7df1b37e73c32fb,6706545694,135,2c80be859f00f38613c4cc95c48c5433b156ea1e55124198ccb705543c0e621b,8a755b7459236ef879fabf3bc470a637a4204209,2026-09-13T14:14:58.000Z,Q2
xlmr_scope,Thundergod2007/vipragsent-experiment-artifacts-overflow-025,model,campaigns/vipragsent-xlmr-q1b-q4-followup-v1/xlmr_followup_q2_no_multitask_20260522/components/idiom_figurative/checkpoints/latest/model.pt,6706593568,62850b4c9c8d30da4646f69087a4626faa22a2df,d6c77e0514216d18ae8d4a650c790aa7e4fd90a70bf2663bf0a4636426eb6103,6706593568,135,7daf693aeb50f049e2358616cee8af98c85874e80080c10191d1e4d585222228,9233561703a5b15256671ffbb3ca43c726efc250,2026-09-13T14:18:50.000Z,Q2
xlmr_scope,Thundergod2007/vipragsent-experiment-artifacts-overflow-025,model,campaigns/vipragsent-xlmr-q1b-q4-followup-v1/xlmr_followup_q2_no_multitask_20260522/components/implicit_sentiment/checkpoints/best/model.pt,6706545694,942ca933f4ed07aa046ea72aa3b40ade5df006bd,427ae126ec6b53eb2df23e7e60091bfafed6731dafd781bdfbe79e04d7b5cc64,6706545694,135,63c3526c4a181b62f63bfd28c1690d066e1ab323b599c7b10f376dda6f767f59,a0d082137fd951a803ebbc483fa7148e015c51ef,2026-09-13T13:36:31.000Z,Q2
xlmr_scope,Thundergod2007/vipragsent-experiment-artifacts-overflow-025,model,campaigns/vipragsent-xlmr-q1b-q4-followup-v1/xlmr_followup_q2_no_multitask_20260522/components/implicit_sentiment/checkpoints/latest/model.pt,6706593568,54f0026577f6a02bbfce16b2ebe999b3eb321cf6,b5e347a69aaf734525a9c65656d88070e2b79c2f52eb3f4368c2a109084cd703,6706593568,135,8cf61cdb17ac2376eae187a1e65f720d189f2fd0c965e19daf7ad8bc4c92d018,32b1b5355079eb993fb9ba261f03d368c6ca3cb8,2026-09-13T13:39:54.000Z,Q2
xlmr_scope,Thundergod2007/vipragsent-experiment-artifacts-overflow-025,model,campaigns/vipragsent-xlmr-q1b-q4-followup-v1/xlmr_followup_q2_no_multitask_20260522/components/irony/checkpoints/best/model.pt,6706545694,d3c8c8faffb18b9d54b5dcc1d7aad9760e2decfd,70a6cecd37ca295b60db91330a43b65a7355d6209532d796f92920ba15dc34f2,6706545694,135,8b4512825845c4e1e7d428eb8773333203ec74461b23cf59680f4b424a26de28,07117a60075cfcd5e517e26c1548e3ca5d82f774,2026-09-13T14:05:52.000Z,Q2
xlmr_scope,Thundergod2007/vipragsent-experiment-artifacts-overflow-025,model,campaigns/vipragsent-xlmr-q1b-q4-followup-v1/xlmr_followup_q2_no_multitask_20260522/components/irony/checkpoints/latest/model.pt,6706593568,ca5b195beaf140f65c0ad13a5d2a03c559b873f9,9ae9deb26f25033fc17707ff64018f30ad16f4e19d1f2fce5a32fff062b8a3d7,6706593568,135,89f950c90bda698b1c506e56dc3e3aa1ee9964a401b81a891ac8e14df69684f7,07117a60075cfcd5e517e26c1548e3ca5d82f774,2026-09-13T14:05:52.000Z,Q2
xlmr_scope,Thundergod2007/vipragsent-experiment-artifacts-overflow-025,model,campaigns/vipragsent-xlmr-q1b-q4-followup-v1/xlmr_followup_q2_no_multitask_20260522/components/mocking/checkpoints/best/model.pt,6706545694,6ae903ec53c8ef61b205de3f545f1484aa1605e2,968b6b398780167812aabe8915b60677cead1002530667ff9177c57159ce4bfd,6706545694,135,97cd57fb7aefd7f32bc7f1b123ca7ecc6a07c9a3357f2f75a81cbfa298f10813,6fe0551a7b8d3f76f01a3bace0e0f57dad5ecbd1,2026-09-13T14:52:18.000Z,Q2
xlmr_scope,Thundergod2007/vipragsent-experiment-artifacts-overflow-025,model,campaigns/vipragsent-xlmr-q1b-q4-followup-v1/xlmr_followup_q2_no_multitask_20260522/components/mocking/checkpoints/latest/model.pt,6706593568,7417c0ff753f4446308208f4217fe09ca44e03b1,15f5439004983f6db4658916deb6d8188c312a0928ed8ab7b02342eb5caf54d6,6706593568,135,49146e5b95ffa8f366002e177a40915b1aaa39c6d9130f07089ce3bb0ccdfdd0,6fe0551a7b8d3f76f01a3bace0e0f57dad5ecbd1,2026-09-13T14:52:18.000Z,Q2
xlmr_scope,Thundergod2007/vipragsent-experiment-artifacts-overflow-025,model,campaigns/vipragsent-xlmr-q1b-q4-followup-v1/xlmr_followup_q2_no_multitask_20260522/components/polarity/checkpoints/best/model.pt,6706570270,d7e8a2e8ad588eba222a36894a34b43fc3ebd6e7,02a74f95f0501cae44fe9084433ac57a3184d440576d549ccda32294d32b13a8,6706570270,135,b09c1eb254f4ddc70ac42b2d27c4cbbadb65b711e5d798ddcab2fa4fb8c02583,7ab82c0a4edef99d6be69243d861c215d1d0f71a,2026-09-13T15:03:52.000Z,Q2
xlmr_scope,Thundergod2007/vipragsent-experiment-artifacts-overflow-025,model,campaigns/vipragsent-xlmr-q1b-q4-followup-v1/xlmr_followup_q2_no_multitask_20260522/components/polarity/checkpoints/latest/model.pt,6706618144,ce2de7337f0845dfdec452ffa74bf27242e9b06e,cd1ad59329b594b851a929c31401fea93d0da95bc25069fa883ac1e301f2a633,6706618144,135,df6e0d73cd3100cc6f800acb8dea550ee8877a440c409b62ec2a39f9fd130783,1fc23ddc20b8cca1108d11be5c761f20768c269f,2026-09-13T15:09:59.000Z,Q2
xlmr_scope,Thundergod2007/vipragsent-experiment-artifacts-overflow-025,model,campaigns/vipragsent-xlmr-q1b-q4-followup-v1/xlmr_followup_q2_no_multitask_20260522/components/sarcasm/checkpoints/best/model.pt,6706545694,9a73ca4ecd7babc65098b056d335cf67770a2ba0,0f0a86bb648bd44175fe499ff9d2429dd50917a427e5fa1032747212fb8cc67c,6706545694,135,70013db4818dcf5781754e34c5cdaed886d2ea173acf973ff858d62b85c4d72a,9c06d75df75ca036a397d158c6fd4f6c2448efcd,2026-09-13T13:48:07.000Z,Q2
xlmr_scope,Thundergod2007/vipragsent-experiment-artifacts-overflow-025,model,campaigns/vipragsent-xlmr-q1b-q4-followup-v1/xlmr_followup_q2_no_multitask_20260522/components/sarcasm/checkpoints/latest/model.pt,6706593568,2126bdde56bf2dac14976712642155d86866b332,f3acfb5d49992c40d462ffca280a605e5a69dd65ad6cf2d1f3a65a0535bcf6b6,6706593568,135,5375439b1fcfb3ac22b69f07a02dd4b7f152381e802e0bc09423706adc4b1a52,a70fbbe31003ff532cfdb7291b5b8a8c0270bf4c,2026-09-13T13:49:22.000Z,Q2
xlmr_scope,Thundergod2007/vipragsent-xlmr-checkpoints,model,campaigns/vipragsent-v8-local-mig2g20gb/q1a_vipragsent_full_XLM_R_large_optimization_pragmatic_warmup020_irony105_implicit101_sarcasm101_code104_v37_20260521/checkpoints/best/model.pt,7098835498,550ad0245845ac75ff3bb12e5dab9d67c7bd83e6,afb6cb6db2fd8e7f78e07b01c0300c348baf7a036351b97bd0c8ad22b4d28845,7098835498,135,0699cd8850585314f1d73e47d8e7233fb47957f72cc5a9193cc7ab44d2c543fe,cb941e07ecafb430f05b1dd6df3be6d98b506a1f,2026-09-11T18:31:18.000Z,Q1a
xlmr_scope,Thundergod2007/vipragsent-xlmr-checkpoints,model,campaigns/vipragsent-v8-local-mig2g20gb/q1a_vipragsent_full_XLM_R_large_optimization_pragmatic_warmup020_irony105_implicit101_sarcasm101_code104_v37_20260521/checkpoints/epochs/epoch_001/model.pt,7098834346,ef9d49a5f2061a9cc082d89c341f4af4d665db2f,60c7b226ae7783c879e4a069fe9a6cef8e8d7473e5c3f522ff79093c2c583a3b,7098834346,135,52dfbf506e2077a61bafde131ca9616c22c4300d96b9d2c92f69dec6785b3c40,cb941e07ecafb430f05b1dd6df3be6d98b506a1f,2026-09-11T18:31:18.000Z,Q1a
xlmr_scope,Thundergod2007/vipragsent-xlmr-checkpoints,model,campaigns/vipragsent-v8-local-mig2g20gb/q1a_vipragsent_full_XLM_R_large_optimization_pragmatic_warmup020_irony105_implicit101_sarcasm101_code104_v37_20260521/checkpoints/epochs/epoch_002/model.pt,7098834666,39b9bf1118ab89d5f10ceb83c7d139ea3dd3e86c,72857be12b918e93d967e4e6f201a3e3fe9dd3e781afb6ee58c3a4b877e531dc,7098834666,135,d1d6edadda0a29d23e32f3222f3e2ebd01e48f45419b31c7da585f1ca09e2ec7,cb941e07ecafb430f05b1dd6df3be6d98b506a1f,2026-09-11T18:31:18.000Z,Q1a
xlmr_scope,Thundergod2007/vipragsent-xlmr-checkpoints,model,campaigns/vipragsent-v8-local-mig2g20gb/q1a_vipragsent_full_XLM_R_large_optimization_pragmatic_warmup020_irony105_implicit101_sarcasm101_code104_v37_20260521/checkpoints/epochs/epoch_003/model.pt,7098834794,ed442ed890a580b0602675c583748cc1118d3eda,af5db6f0a3ef691c37781ecb648e5fe9c6f1f0307752d27185b7c4c24a933057,7098834794,135,24e47de4d4aa0efbfc2e1fb9fb2bba25648b843ce38c88474a8cb11337877c46,cb941e07ecafb430f05b1dd6df3be6d98b506a1f,2026-09-11T18:31:18.000Z,Q1a
xlmr_scope,Thundergod2007/vipragsent-xlmr-checkpoints,model,campaigns/vipragsent-v8-local-mig2g20gb/q1a_vipragsent_full_XLM_R_large_optimization_pragmatic_warmup020_irony105_implicit101_sarcasm101_code104_v37_20260521/checkpoints/epochs/epoch_004/model.pt,7098834922,b689966fc01ad406f2cc571529589bfafe73e8b7,34fc063f77c44365199b288024670a05f4c4b2fe1117febacdd7ba85ccfe1df6,7098834922,135,5d45db84b7e05de21bc400cd0848a63bbbf49ccd0ec55be2eb0be7e7d61bd62b,cb941e07ecafb430f05b1dd6df3be6d98b506a1f,2026-09-11T18:31:18.000Z,Q1a
xlmr_scope,Thundergod2007/vipragsent-xlmr-checkpoints,model,campaigns/vipragsent-v8-local-mig2g20gb/q1a_vipragsent_full_XLM_R_large_optimization_pragmatic_warmup020_irony105_implicit101_sarcasm101_code104_v37_20260521/checkpoints/epochs/epoch_005/model.pt,7098834986,24bcd418cd1b0d7ebb9b72eb573291e4c8009c14,905dd23a3b72f7b42db094d43aed50f65aa715459934e239ac0410aadddebcfb,7098834986,135,317bcfebb3637458d85251868dc32ea63433317b84aa5ea3c7cd752d806a7481,cb941e07ecafb430f05b1dd6df3be6d98b506a1f,2026-09-11T18:31:18.000Z,Q1a
xlmr_scope,Thundergod2007/vipragsent-xlmr-checkpoints,model,campaigns/vipragsent-v8-local-mig2g20gb/q1a_vipragsent_full_XLM_R_large_optimization_pragmatic_warmup020_irony105_implicit101_sarcasm101_code104_v37_20260521/checkpoints/epochs/epoch_006/model.pt,7098835114,a2ad210ae9e161ab473eb155aaf2146d454296f2,6625fd34a75a88a8f26f4a2993b11db4360bd362e8fe6493ed96403e78d2633f,7098835114,135,5d0c4f0eb5531199bc7d2a9d2dd8153f9e166bdf27fd1a1f2743d184dc1e0726,cb941e07ecafb430f05b1dd6df3be6d98b506a1f,2026-09-11T18:31:18.000Z,Q1a
xlmr_scope,Thundergod2007/vipragsent-xlmr-checkpoints,model,campaigns/vipragsent-v8-local-mig2g20gb/q1a_vipragsent_full_XLM_R_large_optimization_pragmatic_warmup020_irony105_implicit101_sarcasm101_code104_v37_20260521/checkpoints/epochs/epoch_007/model.pt,7098835242,6396600476383abb50279b04a35bb098fdde3f72,b17545bbb91e2c4bf16bfd2a85f4242c025a003460d46a5246005e24b111af42,7098835242,135,53ef95324039ebb439ab23973f4f7074b8003c88d4a3751a73935234f5e7b0d5,cb941e07ecafb430f05b1dd6df3be6d98b506a1f,2026-09-11T18:31:18.000Z,Q1a
xlmr_scope,Thundergod2007/vipragsent-xlmr-checkpoints,model,campaigns/vipragsent-v8-local-mig2g20gb/q1a_vipragsent_full_XLM_R_large_optimization_pragmatic_warmup020_irony105_implicit101_sarcasm101_code104_v37_20260521/checkpoints/epochs/epoch_008/model.pt,7098835306,26971e1541791d23ed4a0827cea9dfb37fd4e4a7,98b7e502bbd7bf0c886f46393e5d3193fc73f478482856559d629a2361bd6fac,7098835306,135,097170be78b67bb94527f344372bfcb98de39bad0897c1c6a8d14367fc24b239,cb941e07ecafb430f05b1dd6df3be6d98b506a1f,2026-09-11T18:31:18.000Z,Q1a
xlmr_scope,Thundergod2007/vipragsent-xlmr-checkpoints,model,campaigns/vipragsent-v8-local-mig2g20gb/q1a_vipragsent_full_XLM_R_large_optimization_pragmatic_warmup020_irony105_implicit101_sarcasm101_code104_v37_20260521/checkpoints/epochs/epoch_009/model.pt,7098835434,fbcb9abe3f0d3382b520449d1ce46afc1a9d05b7,fb505494c245ca27f145df4e56152cde21cfe20496f40b82bb30d64223e5685f,7098835434,135,7ae2e37e655cb9b86d2d6813ac9a4ab58a8cda9c9b13607af7f2ce754c9c6f48,cb941e07ecafb430f05b1dd6df3be6d98b506a1f,2026-09-11T18:31:18.000Z,Q1a
xlmr_scope,Thundergod2007/vipragsent-xlmr-checkpoints,model,campaigns/vipragsent-v8-local-mig2g20gb/q1a_vipragsent_full_XLM_R_large_optimization_pragmatic_warmup020_irony105_implicit101_sarcasm101_code104_v37_20260521/checkpoints/epochs/epoch_010/model.pt,7098835498,550ad0245845ac75ff3bb12e5dab9d67c7bd83e6,afb6cb6db2fd8e7f78e07b01c0300c348baf7a036351b97bd0c8ad22b4d28845,7098835498,135,0699cd8850585314f1d73e47d8e7233fb47957f72cc5a9193cc7ab44d2c543fe,cb941e07ecafb430f05b1dd6df3be6d98b506a1f,2026-09-11T18:31:18.000Z,Q1a
xlmr_scope,Thundergod2007/vipragsent-xlmr-checkpoints,model,campaigns/vipragsent-v8-local-mig2g20gb/q1a_vipragsent_full_XLM_R_large_optimization_pragmatic_warmup020_irony105_implicit101_sarcasm101_code104_v37_20260521/checkpoints/latest/model.pt,7098835498,550ad0245845ac75ff3bb12e5dab9d67c7bd83e6,afb6cb6db2fd8e7f78e07b01c0300c348baf7a036351b97bd0c8ad22b4d28845,7098835498,135,0699cd8850585314f1d73e47d8e7233fb47957f72cc5a9193cc7ab44d2c543fe,cb941e07ecafb430f05b1dd6df3be6d98b506a1f,2026-09-11T18:31:18.000Z,Q1a
xlmr_scope,Thundergod2007/vipragsent-xlmr-checkpoints,model,campaigns/vipragsent-v8-local-mig2g20gb/q1a_vipragsent_full_XLM_R_large_optimization_pragmatic_warmup020_irony105_implicit101_sarcasm101_code104_v37_20260522/checkpoints/best/model.pt,7098835626,1024d1a08cde7c0361ed19c3e80676c130395cad,8217f4f6c5850456e3394c75b74df30fb46b39628183e4e1cf5629019ed223b9,7098835626,135,d81f3f70cb14d39e1651103af45f0dbba41d69766766c456be1810f606a3d43c,45461c42c7286d9216911a5d2bd4aabf2cd9084e,2026-09-11T18:43:13.000Z,Q1a
xlmr_scope,Thundergod2007/vipragsent-xlmr-checkpoints,model,campaigns/vipragsent-v8-local-mig2g20gb/q1a_vipragsent_full_XLM_R_large_optimization_pragmatic_warmup020_irony105_implicit101_sarcasm101_code104_v37_20260522/checkpoints/epochs/epoch_001/model.pt,7098834474,23010747fe1a4527db2a96ca2e0a236193587d05,ee15665599cba7da07504b951bcb1d92737d4a440bd0fd3549fe2207b9bd9621,7098834474,135,ccd011b47770c8626da831cdcbd96cc87a22865b7cdf7be5e8cccab775742c99,45461c42c7286d9216911a5d2bd4aabf2cd9084e,2026-09-11T18:43:13.000Z,Q1a
xlmr_scope,Thundergod2007/vipragsent-xlmr-checkpoints,model,campaigns/vipragsent-v8-local-mig2g20gb/q1a_vipragsent_full_XLM_R_large_optimization_pragmatic_warmup020_irony105_implicit101_sarcasm101_code104_v37_20260522/checkpoints/epochs/epoch_002/model.pt,7098834794,daf8fc3dea92cbd886d7560cd5da561e38f7d09e,13fec95ca33ca98cf178ed54215691bad56c06bdfc6626d93f1e168de63d6c9c,7098834794,135,cf2bd56503761f7df2ffdcb881de957574d01d00c917c92d50ba7af089eea091,45461c42c7286d9216911a5d2bd4aabf2cd9084e,2026-09-11T18:43:13.000Z,Q1a
xlmr_scope,Thundergod2007/vipragsent-xlmr-checkpoints,model,campaigns/vipragsent-v8-local-mig2g20gb/q1a_vipragsent_full_XLM_R_large_optimization_pragmatic_warmup020_irony105_implicit101_sarcasm101_code104_v37_20260522/checkpoints/epochs/epoch_003/model.pt,7098834922,14c4d86b36422e0f05c4b20b9cd96a353a3462fa,cf06a290f57d5964b0bbfdffc6bdd88b7a08ea5ca13f710ce575c7a54aea8bc6,7098834922,135,9068dc5c250d20eb5742567cd382e21247572d715014518c3054e6e184d6f2c0,45461c42c7286d9216911a5d2bd4aabf2cd9084e,2026-09-11T18:43:13.000Z,Q1a
xlmr_scope,Thundergod2007/vipragsent-xlmr-checkpoints,model,campaigns/vipragsent-v8-local-mig2g20gb/q1a_vipragsent_full_XLM_R_large_optimization_pragmatic_warmup020_irony105_implicit101_sarcasm101_code104_v37_20260522/checkpoints/epochs/epoch_004/model.pt,7098835050,b59bac3bfaaa8809eb2015f247d536853a51b9d3,108a99c799ef16b189f6d7ea27a21c30ac0d892bab7fc1a7bed12f029f40d58d,7098835050,135,47f41b72a924512fae34485169968b2c0c3fd8acd1202e3c0d80c3285887374e,45461c42c7286d9216911a5d2bd4aabf2cd9084e,2026-09-11T18:43:13.000Z,Q1a
xlmr_scope,Thundergod2007/vipragsent-xlmr-checkpoints,model,campaigns/vipragsent-v8-local-mig2g20gb/q1a_vipragsent_full_XLM_R_large_optimization_pragmatic_warmup020_irony105_implicit101_sarcasm101_code104_v37_20260522/checkpoints/epochs/epoch_005/model.pt,7098835114,0fec300bd7aff3e9b8fed6dc559512e0f395cf77,63fa8f5bf399f14e123f96f79efc9eae321f3a022d4613eeb91adce566ca3ac3,7098835114,135,886b8867d849ae1680941b32324bd04c0b27aa680e35e2c69df23e10ebe86463,45461c42c7286d9216911a5d2bd4aabf2cd9084e,2026-09-11T18:43:13.000Z,Q1a
xlmr_scope,Thundergod2007/vipragsent-xlmr-checkpoints,model,campaigns/vipragsent-v8-local-mig2g20gb/q1a_vipragsent_full_XLM_R_large_optimization_pragmatic_warmup020_irony105_implicit101_sarcasm101_code104_v37_20260522/checkpoints/epochs/epoch_006/model.pt,7098835242,626c61a7291e35cd89236dd23dc96fc4f93e0fbf,d89e0535ab7cbba5ac3f33e23298e3ef425cf788417e8746a9fdb1f25d7795e2,7098835242,135,f868005532e6b816572fb27312f7849718f9a07b1881abcc54cf0ab245292ea0,45461c42c7286d9216911a5d2bd4aabf2cd9084e,2026-09-11T18:43:13.000Z,Q1a
xlmr_scope,Thundergod2007/vipragsent-xlmr-checkpoints,model,campaigns/vipragsent-v8-local-mig2g20gb/q1a_vipragsent_full_XLM_R_large_optimization_pragmatic_warmup020_irony105_implicit101_sarcasm101_code104_v37_20260522/checkpoints/epochs/epoch_007/model.pt,7098835370,c0a92d2a13c310ae9acf073e9f30465005131b54,448a209a2edc2020952fb29c6541b25ee4fe8c817d9b0c5e787116d2c8ba23ce,7098835370,135,ad4e6365fabe00bb570ad01bcc3166d14ff96a45aa960797e6765a3e5a180931,45461c42c7286d9216911a5d2bd4aabf2cd9084e,2026-09-11T18:43:13.000Z,Q1a
xlmr_scope,Thundergod2007/vipragsent-xlmr-checkpoints,model,campaigns/vipragsent-v8-local-mig2g20gb/q1a_vipragsent_full_XLM_R_large_optimization_pragmatic_warmup020_irony105_implicit101_sarcasm101_code104_v37_20260522/checkpoints/epochs/epoch_008/model.pt,7098835434,a06a58b1d608132d5a95443354b69ca9acf253aa,b9a003e530a9d71a69a0ca902c6e7be99353d60af1fff4ad8a1ef340fe1ccba9,7098835434,135,bd724ab72a3943204e1a78ac35d395566d93c90a27db1f708e1e102b45684bdc,45461c42c7286d9216911a5d2bd4aabf2cd9084e,2026-09-11T18:43:13.000Z,Q1a
xlmr_scope,Thundergod2007/vipragsent-xlmr-checkpoints,model,campaigns/vipragsent-v8-local-mig2g20gb/q1a_vipragsent_full_XLM_R_large_optimization_pragmatic_warmup020_irony105_implicit101_sarcasm101_code104_v37_20260522/checkpoints/epochs/epoch_009/model.pt,7098835562,82f0c162a4277443631711dd36e3934bbbf43588,01337e9209d90818a8eee344e9c8d5f205dbde0d5c74ebc8493404e6a68661f1,7098835562,135,ab2b1a797d4c15f521673d794cc244efdde9751e9f2b0a7afa92025bb7d991c2,45461c42c7286d9216911a5d2bd4aabf2cd9084e,2026-09-11T18:43:13.000Z,Q1a
xlmr_scope,Thundergod2007/vipragsent-xlmr-checkpoints,model,campaigns/vipragsent-v8-local-mig2g20gb/q1a_vipragsent_full_XLM_R_large_optimization_pragmatic_warmup020_irony105_implicit101_sarcasm101_code104_v37_20260522/checkpoints/epochs/epoch_010/model.pt,7098835626,1024d1a08cde7c0361ed19c3e80676c130395cad,8217f4f6c5850456e3394c75b74df30fb46b39628183e4e1cf5629019ed223b9,7098835626,135,d81f3f70cb14d39e1651103af45f0dbba41d69766766c456be1810f606a3d43c,45461c42c7286d9216911a5d2bd4aabf2cd9084e,2026-09-11T18:43:13.000Z,Q1a
xlmr_scope,Thundergod2007/vipragsent-xlmr-checkpoints,model,campaigns/vipragsent-v8-local-mig2g20gb/q1a_vipragsent_full_XLM_R_large_optimization_pragmatic_warmup020_irony105_implicit101_sarcasm101_code104_v37_20260522/checkpoints/latest/model.pt,7098835626,1024d1a08cde7c0361ed19c3e80676c130395cad,8217f4f6c5850456e3394c75b74df30fb46b39628183e4e1cf5629019ed223b9,7098835626,135,d81f3f70cb14d39e1651103af45f0dbba41d69766766c456be1810f606a3d43c,45461c42c7286d9216911a5d2bd4aabf2cd9084e,2026-09-11T18:43:13.000Z,Q1a
xlmr_scope,Thundergod2007/vipragsent-xlmr-checkpoints,model,campaigns/vipragsent-v8-local-mig2g20gb/q1a_vipragsent_full_XLM_R_large_optimization_pragmatic_warmup020_irony105_implicit101_sarcasm101_code104_v37_20260523/checkpoints/best/model.pt,7098835370,61990bb3ec19eb5ff92986fc3fc7accaf3fd31f3,deff90245b4364f1abf3034e487fdfb7ccac31b0899cebe3a0a968149e9726c4,7098835370,135,e18b0df6070face92f17ff735603b9e691517f900af4f1fa0e34c7deaf438a98,9f3ca8caea21d01d8d4e2bf7fea941e01b31f3b4,2026-09-11T18:49:15.000Z,Q1a
xlmr_scope,Thundergod2007/vipragsent-xlmr-checkpoints,model,campaigns/vipragsent-v8-local-mig2g20gb/q1a_vipragsent_full_XLM_R_large_optimization_pragmatic_warmup020_irony105_implicit101_sarcasm101_code104_v37_20260523/checkpoints/epochs/epoch_001/model.pt,7098834474,358ed73856c390928e902993d659566429a15959,77ce045d8694963067ddb04c3125f294dd6b23a8c142ea6f9f115f46276caaad,7098834474,135,d979458c333f0dbdc2bf51890be4bfc5e749dd1a96fe929ab550722c3a849902,9f3ca8caea21d01d8d4e2bf7fea941e01b31f3b4,2026-09-11T18:49:15.000Z,Q1a
xlmr_scope,Thundergod2007/vipragsent-xlmr-checkpoints,model,campaigns/vipragsent-v8-local-mig2g20gb/q1a_vipragsent_full_XLM_R_large_optimization_pragmatic_warmup020_irony105_implicit101_sarcasm101_code104_v37_20260523/checkpoints/epochs/epoch_002/model.pt,7098834794,050e45b1bad62e7548ac99dcf0c7b21ae493ccab,8906f5f071a457c29a019d907fe1595137d27799f336294f0487b7523ffb50b8,7098834794,135,102fe991f8a81fdb745f42ee89414765fe1edd643d8b53f6b88abdd7f5f2b327,9f3ca8caea21d01d8d4e2bf7fea941e01b31f3b4,2026-09-11T18:49:15.000Z,Q1a
xlmr_scope,Thundergod2007/vipragsent-xlmr-checkpoints,model,campaigns/vipragsent-v8-local-mig2g20gb/q1a_vipragsent_full_XLM_R_large_optimization_pragmatic_warmup020_irony105_implicit101_sarcasm101_code104_v37_20260523/checkpoints/epochs/epoch_003/model.pt,7098834922,15b79117b39c4aa17a9655d65267bf3122497f27,2e15a8fe167a85511060503e57f804e055d32c1c6ae0421b870688fc179ba127,7098834922,135,4ddeff95eb54cd565e49803d781539243ec0d6f1a4429a40111395e564795896,9f3ca8caea21d01d8d4e2bf7fea941e01b31f3b4,2026-09-11T18:49:15.000Z,Q1a
xlmr_scope,Thundergod2007/vipragsent-xlmr-checkpoints,model,campaigns/vipragsent-v8-local-mig2g20gb/q1a_vipragsent_full_XLM_R_large_optimization_pragmatic_warmup020_irony105_implicit101_sarcasm101_code104_v37_20260523/checkpoints/epochs/epoch_004/model.pt,7098835050,44b62322e14e2a941c809970872541ce6169b7b9,ae9212fe879220eb2eafe82a78d5b8054984fcf7c473cfa2ccd272a9ab03d780,7098835050,135,0f392b1aa99b0e5d807554d6b2cf9c7e87b3c094de366becc208b12f4b7d14b7,9f3ca8caea21d01d8d4e2bf7fea941e01b31f3b4,2026-09-11T18:49:15.000Z,Q1a
xlmr_scope,Thundergod2007/vipragsent-xlmr-checkpoints,model,campaigns/vipragsent-v8-local-mig2g20gb/q1a_vipragsent_full_XLM_R_large_optimization_pragmatic_warmup020_irony105_implicit101_sarcasm101_code104_v37_20260523/checkpoints/epochs/epoch_005/model.pt,7098835114,cf4e655e772cf6f37970770b45987e7df3332e81,4177eed7e179db939c225d25a9ce985e970fd10be2061488947d50ae12e20069,7098835114,135,ac6af55a04ceb16e5dc2ed02f73ff1f19cef644048e01dd4b053629d0005d727,9f3ca8caea21d01d8d4e2bf7fea941e01b31f3b4,2026-09-11T18:49:15.000Z,Q1a
xlmr_scope,Thundergod2007/vipragsent-xlmr-checkpoints,model,campaigns/vipragsent-v8-local-mig2g20gb/q1a_vipragsent_full_XLM_R_large_optimization_pragmatic_warmup020_irony105_implicit101_sarcasm101_code104_v37_20260523/checkpoints/epochs/epoch_006/model.pt,7098835242,6b2d483e3848ade6aa960ed36731eae40e6eb35b,9e26ab35fbdc29ce50edae6ee94a228453b3af8f7663381dba186a09b7a6c56d,7098835242,135,dcd3729573c4004fd18a5f4a574434cc192c436397d4f246057f837c1fea55a3,9f3ca8caea21d01d8d4e2bf7fea941e01b31f3b4,2026-09-11T18:49:15.000Z,Q1a
xlmr_scope,Thundergod2007/vipragsent-xlmr-checkpoints,model,campaigns/vipragsent-v8-local-mig2g20gb/q1a_vipragsent_full_XLM_R_large_optimization_pragmatic_warmup020_irony105_implicit101_sarcasm101_code104_v37_20260523/checkpoints/epochs/epoch_007/model.pt,7098835370,61990bb3ec19eb5ff92986fc3fc7accaf3fd31f3,deff90245b4364f1abf3034e487fdfb7ccac31b0899cebe3a0a968149e9726c4,7098835370,135,e18b0df6070face92f17ff735603b9e691517f900af4f1fa0e34c7deaf438a98,9f3ca8caea21d01d8d4e2bf7fea941e01b31f3b4,2026-09-11T18:49:15.000Z,Q1a
xlmr_scope,Thundergod2007/vipragsent-xlmr-checkpoints,model,campaigns/vipragsent-v8-local-mig2g20gb/q1a_vipragsent_full_XLM_R_large_optimization_pragmatic_warmup020_irony105_implicit101_sarcasm101_code104_v37_20260523/checkpoints/epochs/epoch_008/model.pt,7098835434,60f4e9c8c65e4db82f7bd0a0334207ad01b9c9ea,6a26db2f38393e4ff57d33801adff609755380bfe64eeb88af86f018ce77f361,7098835434,135,3cc193e469d086f468375415cad421b2e077c590b586905964cc4501a2c33b3c,9f3ca8caea21d01d8d4e2bf7fea941e01b31f3b4,2026-09-11T18:49:15.000Z,Q1a
xlmr_scope,Thundergod2007/vipragsent-xlmr-checkpoints,model,campaigns/vipragsent-v8-local-mig2g20gb/q1a_vipragsent_full_XLM_R_large_optimization_pragmatic_warmup020_irony105_implicit101_sarcasm101_code104_v37_20260523/checkpoints/epochs/epoch_009/model.pt,7098835562,64c8cc0aa1a128389d485685abc297b03745b733,ac7d4e1c515a387dd899786f49eb2be8cd352c6a49488619ec07aa465ddc4a7c,7098835562,135,76b611fce652962721b62d89231387dbb5c9fd69f394034dc49e419f81e5a32e,9f3ca8caea21d01d8d4e2bf7fea941e01b31f3b4,2026-09-11T18:49:15.000Z,Q1a
xlmr_scope,Thundergod2007/vipragsent-xlmr-checkpoints,model,campaigns/vipragsent-v8-local-mig2g20gb/q1a_vipragsent_full_XLM_R_large_optimization_pragmatic_warmup020_irony105_implicit101_sarcasm101_code104_v37_20260523/checkpoints/epochs/epoch_010/model.pt,7098835626,25d77f2dbb1704e766dcb5f301b65f11be8a3edb,f1bcc696ecf9909b6565aa832171ae0220d01048ffcd93fa881c1a3cfc96f7ac,7098835626,135,d22820b3c6e00f4e3e5af63f21de4d9a6d8b167c5fefcb3b1b40d0dcc106a0f2,9f3ca8caea21d01d8d4e2bf7fea941e01b31f3b4,2026-09-11T18:49:15.000Z,Q1a
xlmr_scope,Thundergod2007/vipragsent-xlmr-checkpoints,model,campaigns/vipragsent-v8-local-mig2g20gb/q1a_vipragsent_full_XLM_R_large_optimization_pragmatic_warmup020_irony105_implicit101_sarcasm101_code104_v37_20260523/checkpoints/latest/model.pt,7098835626,25d77f2dbb1704e766dcb5f301b65f11be8a3edb,f1bcc696ecf9909b6565aa832171ae0220d01048ffcd93fa881c1a3cfc96f7ac,7098835626,135,d22820b3c6e00f4e3e5af63f21de4d9a6d8b167c5fefcb3b1b40d0dcc106a0f2,9f3ca8caea21d01d8d4e2bf7fea941e01b31f3b4,2026-09-11T18:49:15.000Z,Q1a
xlmr_scope,Thundergod2007/vipragsent-xlmr-checkpoints,model,campaigns/vipragsent-xlmr-q1b-q4-followup-v1/xlmr_followup_q1b_vipragsent_full_20260521/checkpoints/best/model.pt,7098834986,df13eb751ac61e4ba6221397931f64cd29abbea0,a82fee6195c375957c54431f9c11d8c6114cf851e20d77487bfc948e1a1e1cba,7098834986,135,ab9c98ed9d7fe0a424724bab8e84b34522e1fab77ec6ecbb4121d397a673354e,36698df18700a54c16ab8ed78e5230c4e73d6cf0,2026-09-12T00:55:10.000Z,Q1b
xlmr_scope,Thundergod2007/vipragsent-xlmr-checkpoints,model,campaigns/vipragsent-xlmr-q1b-q4-followup-v1/xlmr_followup_q1b_vipragsent_full_20260521/checkpoints/latest/model.pt,7098835178,6279c72cc3e770ae83defe53d2c6fb9eec4c54ca,84774918d998546d28fadebcec31df826b4d43f75ed5e189140f8e31c4fa1523,7098835178,135,b6e3e3096e691ce83e10c9976d762f56f00a8cd478f8e3e77d9767cce3478c24,138a45ace9a048095deb9a072fd2ae41070eb7b5,2026-09-12T00:56:25.000Z,Q1b
xlmr_scope,Thundergod2007/vipragsent-xlmr-checkpoints,model,campaigns/vipragsent-xlmr-q1b-q4-followup-v1/xlmr_followup_q1b_vipragsent_full_20260522/checkpoints/best/model.pt,7098835434,51855af8fbcbf28519aad7cf8cdd8655de4688f2,989e24f53fb29f3a18267b93bca0720ccf1faf6b3f1ff4a5b75103b7eee7fec1,7098835434,135,6055fd950e4ccd37e7bd373ddab6b6673eeca5fd8314fafe007528c8dceef95c,a3dd40fc8f23738d6b50a30a6c1c5a29a3ad487b,2026-09-12T04:05:52.000Z,Q1b
xlmr_scope,Thundergod2007/vipragsent-xlmr-checkpoints,model,campaigns/vipragsent-xlmr-q1b-q4-followup-v1/xlmr_followup_q1b_vipragsent_full_20260522/checkpoints/latest/model.pt,7098835434,51855af8fbcbf28519aad7cf8cdd8655de4688f2,989e24f53fb29f3a18267b93bca0720ccf1faf6b3f1ff4a5b75103b7eee7fec1,7098835434,135,6055fd950e4ccd37e7bd373ddab6b6673eeca5fd8314fafe007528c8dceef95c,8ce576bf690500c0699a07f444fa65493a3a1a93,2026-09-12T04:07:07.000Z,Q1b
xlmr_scope,Thundergod2007/vipragsent-xlmr-checkpoints,model,campaigns/vipragsent-xlmr-q1b-q4-followup-v1/xlmr_followup_q1b_vipragsent_full_20260523/checkpoints/best/model.pt,7098835306,800143501f480dc2a419fe4d4680976887c5f9bf,5f9c80eb322ed10014229cc0cfe4978d71c4233cdcbc9befa51b8d6c568dffb5,7098835306,135,ec229f1c347a3a4f71942976a6b4a10d81f5a4be84568aa97036e0cd865e9a5d,71605954067c1db4009b3aa5470ebe4ce7cadd1c,2026-09-12T06:14:46.000Z,Q1b
xlmr_scope,Thundergod2007/vipragsent-xlmr-checkpoints,model,campaigns/vipragsent-xlmr-q1b-q4-followup-v1/xlmr_followup_q1b_vipragsent_full_20260523/checkpoints/latest/model.pt,7098835434,86cfcc35e6baaab0a005141ce61d88e5d2021081,6ed6e2eb9ff7b6dbfd6e38732afb446286c4fe715ba4fb88886295aa1275ed1c,7098835434,135,1de9f09b91d5358ba6d5883e724452330325d1cd9f4727d3d7779dd96b9e69d6,7489f2cda8aaf5ccdcc2f0bbf311e2e01fdfa121,2026-09-12T06:15:49.000Z,Q1b
xlmr_scope,Thundergod2007/vipragsent-xlmr-checkpoints,model,campaigns/vipragsent-xlmr-q1b-q4-followup-v1/xlmr_followup_q2_full_20260521/checkpoints/best/model.pt,7098834986,6dc528e3d0fb7c3c79b03d9cfb15945e5e66a35c,625e46021516c48788debe779e5fb18eaf15a8f6ab3a690b20bbc87dbcb62bd2,7098834986,135,33cbc6090de828d7c49af2df74f36c1af74e05115b9b8a3b6c6a1a2707b37492,9106a68637f7df5404bc8c33f688bc499bd8b61b,2026-09-12T09:29:14.000Z,Q2
xlmr_scope,Thundergod2007/vipragsent-xlmr-checkpoints,model,campaigns/vipragsent-xlmr-q1b-q4-followup-v1/xlmr_followup_q2_full_20260521/checkpoints/latest/model.pt,7098835178,3d1d445ff246f6d5deb7d40d90770015210cf3ff,73220d6d722e5477198e37d80721e25d71664616b6642199e2e186c26fc4dd5b,7098835178,135,50ee5f0f5db5c9886077bed85d808488757996c90be8f43af9c655bfac4ff711,91484da71b12d96542270b08969b48c5c9dbee88,2026-09-12T09:29:43.000Z,Q2
xlmr_scope,Thundergod2007/vipragsent-xlmr-checkpoints,model,campaigns/vipragsent-xlmr-q1b-q4-followup-v1/xlmr_followup_q2_full_20260522/checkpoints/best/model.pt,7098835434,fab812cb0207897ceb6e121302e9d63892d136b4,b21842f3218c23792a6ecb4d7b16761bb0fe4e79c05a1415ed500f4cede2a275,7098835434,135,af87effd9112265eb36bb9994aa2023a333275466d8fbd9fb9b8f31b698d834b,482d6ac0d63415fafcbdbe9c9f92f1a961f46952,2026-09-12T11:35:52.000Z,Q2
xlmr_scope,Thundergod2007/vipragsent-xlmr-checkpoints,model,campaigns/vipragsent-xlmr-q1b-q4-followup-v1/xlmr_followup_q2_full_20260522/checkpoints/latest/model.pt,7098835434,fab812cb0207897ceb6e121302e9d63892d136b4,b21842f3218c23792a6ecb4d7b16761bb0fe4e79c05a1415ed500f4cede2a275,7098835434,135,af87effd9112265eb36bb9994aa2023a333275466d8fbd9fb9b8f31b698d834b,a7332f3d8e9a6936a0803a1ec175fbd6d946d5b4,2026-09-12T11:36:58.000Z,Q2
xlmr_scope,Thundergod2007/vipragsent-xlmr-checkpoints,model,campaigns/vipragsent-xlmr-q1b-q4-followup-v1/xlmr_followup_q2_full_20260523/checkpoints/best/model.pt,7098835306,c3b46a6144a1ef65f8c87c4bac81bbd888de0392,63e96c0f7fda1978a38fa979ccea6e1456651a89dc828305704d137ffa20052b,7098835306,135,8938e6299bc5e790339073269b504c7c9dd132bd14ab8b81e02a38061330c226,752b602b501eff40d649b5569dce800700d1468f,2026-09-12T13:45:33.000Z,Q2
xlmr_scope,Thundergod2007/vipragsent-xlmr-checkpoints,model,campaigns/vipragsent-xlmr-q1b-q4-followup-v1/xlmr_followup_q2_full_20260523/checkpoints/latest/model.pt,7098835434,dae75ec32e58c000dfc5d7055f7e929c6c7e728c,4b9a322e68a26f1d27aa0823b920075bdc24fc9096ecfba170cf1fec1b30b8a9,7098835434,135,e9ccaf2141a691049a72ff0b7ce4fd5729ba20eee94bc1dba6bbc5381b754f35,776839bfde96a28dfef71ca3ed7109a357003418,2026-09-12T13:47:50.000Z,Q2
xlmr_scope,Thundergod2007/vipragsent-xlmr-checkpoints,model,campaigns/vipragsent-xlmr-q1b-q4-followup-v1/xlmr_followup_q2_no_emotion_auxiliary_20260521/checkpoints/best/model.pt,7098745230,422c29e89a94c4390bdd57b5599efac5b8a8a528,52ad81041279e4fc01c31ca177830808f8a8ebed2567eac4cb4d137844c81970,7098745230,135,4b933fa4fada122f7856935466ccfec30f420947f1fcd5e89655b0ecd76938d5,8006473f38cd7a76abc43d9e27951914f0a0dc32,2026-09-12T15:27:19.000Z,Q2
xlmr_scope,Thundergod2007/vipragsent-xlmr-checkpoints,model,campaigns/vipragsent-xlmr-q1b-q4-followup-v1/xlmr_followup_q2_no_emotion_auxiliary_20260521/checkpoints/latest/model.pt,7098745422,b088ef45cc072bca5d941d7e5b64dd58d84272b2,617f322d6f02794a92014c13f36a03eb2232823299d37fea5739b21fe9ef0c52,7098745422,135,374c728bf854063dac42918ea6f5bf7f2a250809cc44af64044cafcec709bbed,412dc969ef1b9fb1b5f3c5a2022ed3ae50502d33,2026-09-12T15:31:15.000Z,Q2
xlmr_scope,Thundergod2007/vipragsent-xlmr-checkpoints,model,campaigns/vipragsent-xlmr-q1b-q4-followup-v1/xlmr_followup_q2_no_emotion_auxiliary_20260522/checkpoints/best/model.pt,7098745678,0e0fee074a92cd8c2821e3953e2b313742c9f462,3a5b442042cb78032e4a3f02c2d0a2971a5e18f51cdd7b941d18d3152f511a57,7098745678,135,d4fdb26175ea6dcf1a3e21a1f1dc29582e56dfc0b0aa8703c62af7c8d6cc930c,a8f617b48492ef26aa02c76ce9e07b925c46cee6,2026-09-12T17:28:23.000Z,Q2
xlmr_scope,Thundergod2007/vipragsent-xlmr-checkpoints,model,campaigns/vipragsent-xlmr-q1b-q4-followup-v1/xlmr_followup_q2_no_emotion_auxiliary_20260522/checkpoints/latest/model.pt,7098745870,138b5fb95f49b9e9ac578ab2e9f0dd958cde4055,5f8cede1eb2d1b68516862dd31012dc920753ad181ab49e3714137cd85973cb6,7098745870,135,394e09faae0d21b28d930c7945b1d4fd49521d86251838e54aa8bb60e9713597,567051c18e721a337773ea59412d4214c3ee45b7,2026-09-12T17:29:33.000Z,Q2
xlmr_scope,Thundergod2007/vipragsent-xlmr-checkpoints,model,campaigns/vipragsent-xlmr-q1b-q4-followup-v1/xlmr_followup_q2_no_emotion_auxiliary_20260523/checkpoints/best/model.pt,7098745358,80b29ba70d7754afb9e959abe2022517fbe84cc3,9031aa6362c8d79a17cdb3d3b9b7ec755cc666dc33ce30d77c87fc33b9ea253a,7098745358,135,fc7ee5ee86ccb76c6822b7ee23e0f221d0fb17e4fef2239d6339ca061c02662f,7e474f0aba3028b976fb73810b141e01d69562b3,2026-09-12T18:59:57.000Z,Q2
xlmr_scope,Thundergod2007/vipragsent-xlmr-checkpoints,model,campaigns/vipragsent-xlmr-q1b-q4-followup-v1/xlmr_followup_q2_no_emotion_auxiliary_20260523/checkpoints/latest/model.pt,7098745550,c3082cb1c74e0eeb9bc8cb82b1f8a02eae652440,276a7abbcf04da55455a275fa4d82741087fef68502afd5471329219c2404e1f,7098745550,135,f7d07244fb24cd282fd4a14345a3fba9c51bcaabc49e427a92fa3cf8a137e5d2,1a2167c2440344fe7d947d3a4b44ba3d30e22bee,2026-09-12T19:01:08.000Z,Q2
xlmr_scope,Thundergod2007/vipragsent-xlmr-checkpoints,model,campaigns/vipragsent-xlmr-q1b-q4-followup-v1/xlmr_followup_q2_no_polarity_auxiliary_20260521/checkpoints/best/model.pt,7098794830,789a0b3357d7f52ea7c7edc06879d68fc0c0f564,eaafe462924d4e5d9c5cc9dc402786f84243f104ccc2cf31e23dc23aadc7d561,7098794830,135,9da5dce55d3b5724eeaa0c8399b9edef7bd972beeb3ebab0e07592432e018c24,52e354df291be24220e684a0433100ef993581b0,2026-09-12T21:00:26.000Z,Q2
xlmr_scope,Thundergod2007/vipragsent-xlmr-checkpoints,model,campaigns/vipragsent-xlmr-q1b-q4-followup-v1/xlmr_followup_q2_no_polarity_auxiliary_20260521/checkpoints/latest/model.pt,7098794894,426cdb91e10629765f28455c6e44a9dd41510b0f,e65e2ad52ea656a84ddeccaef031bc51666c1b6fce71c25e48470073cf74b159,7098794894,135,6be3007a50b213598a1a7228b5d4e4b14994c3741b63e373fa8ae383bb0dc25f,4ff882a8e0143b0f080d570d618bd74c8f672c9d,2026-09-12T21:09:46.000Z,Q2
xlmr_scope,Thundergod2007/vipragsent-xlmr-checkpoints,model,campaigns/vipragsent-xlmr-q1b-q4-followup-v1/xlmr_followup_q2_no_polarity_auxiliary_20260522/checkpoints/best/model.pt,7098795022,c210110bbfc51620d0c799dfeea1e53ce9bff54c,a4d482366ab11d6325507723f4b9272fd3fe400943e5784951027476928ed873,7098795022,135,942a1bf5e5ed9eaad0c9960843b2a14b5cf7bd0ec15bdca6af016c237d3bb977,fdd002b1a82207475767c33b68918bfd27795cc0,2026-09-12T23:05:05.000Z,Q2
xlmr_scope,Thundergod2007/vipragsent-xlmr-checkpoints,model,campaigns/vipragsent-xlmr-q1b-q4-followup-v1/xlmr_followup_q2_no_polarity_auxiliary_20260522/checkpoints/latest/model.pt,7098795022,c210110bbfc51620d0c799dfeea1e53ce9bff54c,a4d482366ab11d6325507723f4b9272fd3fe400943e5784951027476928ed873,7098795022,135,942a1bf5e5ed9eaad0c9960843b2a14b5cf7bd0ec15bdca6af016c237d3bb977,116d7154f5160644f039f9a87f144707b8b1368e,2026-09-12T23:14:15.000Z,Q2
xlmr_scope,Thundergod2007/vipragsent-xlmr-checkpoints,model,campaigns/vipragsent-xlmr-q1b-q4-followup-v1/xlmr_followup_q2_no_polarity_auxiliary_20260523/checkpoints/best/model.pt,7098795022,c3e3d9d3a9807c937a3c19510b3134daeeb372ff,fe7883c970d60bc633667e0729ab4d7759e86a4c634e520fc2fcdffa11206b0f,7098795022,135,29648f26a871b1f9c71fef6a9cc6922e90c4ecb7b1b78975c734b46f8c9d6508,65f3cb8c4cd1b68261a25d7bdeef59bc2e2765b8,2026-09-13T01:11:56.000Z,Q2
xlmr_scope,Thundergod2007/vipragsent-xlmr-checkpoints,model,campaigns/vipragsent-xlmr-q1b-q4-followup-v1/xlmr_followup_q2_no_polarity_auxiliary_20260523/checkpoints/latest/model.pt,7098795022,c3e3d9d3a9807c937a3c19510b3134daeeb372ff,fe7883c970d60bc633667e0729ab4d7759e86a4c634e520fc2fcdffa11206b0f,7098795022,135,29648f26a871b1f9c71fef6a9cc6922e90c4ecb7b1b78975c734b46f8c9d6508,1df78a1b69ff98f89a437bc9d28099773de96589,2026-09-13T01:20:27.000Z,Q2
xlmr_scope,Thundergod2007/vipragsent-xlmr-checkpoints,model,campaigns/vipragsent-xlmr-q1b-q4-followup-v1/xlmr_followup_q2_no_rationale_20260521/checkpoints/best/model.pt,6706856554,b2f2fe8db585bb806b0ac206ff48d04dd7be2c5c,ce2d65f62770358bd489d3fcf6f0ab3d119bfa0938cdebe270da9f468f4793aa,6706856554,135,f2be3fb37ddc0dbb2ce8eb6b17245e52b1f564d241bdcb4474414ff17a0642cc,7793b10e2cc2afc02c715a92d8382f5ad2913fce,2026-09-13T01:56:38.000Z,Q2
xlmr_scope,Thundergod2007/vipragsent-xlmr-checkpoints,model,campaigns/vipragsent-xlmr-q1b-q4-followup-v1/xlmr_followup_q2_no_rationale_20260521/checkpoints/latest/model.pt,6706856746,e0a41eddc7e3694c689294c587e767ae0c2dbf2b,0aadb6f77edaf146ea137401ee7739f10a8c05baf6db8ead6fc2065a166e4594,6706856746,135,953493810d6a066e4242713d6534d2a88f8994e497944748e99d3edf511be860,a4012d3af40b0d1b03c7ce3d4339b340cea202dd,2026-09-13T01:57:42.000Z,Q2
xlmr_scope,Thundergod2007/vipragsent-xlmr-checkpoints,model,campaigns/vipragsent-xlmr-q1b-q4-followup-v1/xlmr_followup_q2_no_rationale_20260522/checkpoints/best/model.pt,6706857258,9eee6806938a488616310bc780544fdd0ccc7638,2300c738ea8f08050e6752a4b3393ab74d157acb2eca34a261afe65d47db6ac6,6706857258,135,b419029986ac01501ecf0e890c64a4f152cf1410926552866ca92d44277e867e,c7e3f9d42a941cdbfeb7e11aa87c50c88c933749,2026-09-13T02:47:35.000Z,Q2
xlmr_scope,Thundergod2007/vipragsent-xlmr-checkpoints,model,campaigns/vipragsent-xlmr-q1b-q4-followup-v1/xlmr_followup_q2_no_rationale_20260522/checkpoints/latest/model.pt,6706857258,9eee6806938a488616310bc780544fdd0ccc7638,2300c738ea8f08050e6752a4b3393ab74d157acb2eca34a261afe65d47db6ac6,6706857258,135,b419029986ac01501ecf0e890c64a4f152cf1410926552866ca92d44277e867e,230ed141aac02374a7fa2e935d97ff09a96995e1,2026-09-13T02:48:04.000Z,Q2
xlmr_scope,Thundergod2007/vipragsent-xlmr-checkpoints,model,campaigns/vipragsent-xlmr-q1b-q4-followup-v1/xlmr_followup_q2_no_rationale_20260523/checkpoints/best/model.pt,6706857258,d94fbe4f977dd5dc99963b41363c9bebdbfa9b4a,e2d8d22ef8ea1267e14d9f305c4f5cdb1a9f1e3c8f371a9954e3b53e27d01585,6706857258,135,258fcea4db44b70606e222b6434a7cd4e243c0c65feb3ded90f4c7d7aaf86b9d,538bc3f6ec62e53ac8dae545bfaad00ea6c20d66,2026-09-13T03:42:55.000Z,Q2
xlmr_scope,Thundergod2007/vipragsent-xlmr-checkpoints,model,campaigns/vipragsent-xlmr-q1b-q4-followup-v1/xlmr_followup_q2_no_rationale_20260523/checkpoints/latest/model.pt,6706857258,d94fbe4f977dd5dc99963b41363c9bebdbfa9b4a,e2d8d22ef8ea1267e14d9f305c4f5cdb1a9f1e3c8f371a9954e3b53e27d01585,6706857258,135,258fcea4db44b70606e222b6434a7cd4e243c0c65feb3ded90f4c7d7aaf86b9d,e0bcbbdb241ce84ae8b08045565435558c6ca763,2026-09-13T03:44:01.000Z,Q2
xlmr_scope,Thundergod2007/vipragsent-xlmr-checkpoints,model,campaigns/vipragsent-xlmr-q1b-q4-followup-v1/xlmr_followup_q2_no_uncertainty_weighting_20260521/checkpoints/best/model.pt,7098825994,8d1c85b2a600ed35a38eb441985e3690a0c6bb02,fa75f1c6a3eaa92056af1b8d20bdfecc72ab65bb6fc0dc0806bf5c0d63d8b04f,7098825994,135,088abb52317a35439f7be3df79100e2e9b436d8aeae8637f51600e84f9387a51,343185463b426dd1a871bbef36b8d04bc4689189,2026-09-13T06:28:51.000Z,Q2
xlmr_scope,Thundergod2007/vipragsent-xlmr-checkpoints,model,campaigns/vipragsent-xlmr-q1b-q4-followup-v1/xlmr_followup_q2_no_uncertainty_weighting_20260521/checkpoints/latest/model.pt,7098825994,8d1c85b2a600ed35a38eb441985e3690a0c6bb02,fa75f1c6a3eaa92056af1b8d20bdfecc72ab65bb6fc0dc0806bf5c0d63d8b04f,7098825994,135,088abb52317a35439f7be3df79100e2e9b436d8aeae8637f51600e84f9387a51,3636f293818d3f03f5413b16e0ebf7ac297cdf67,2026-09-13T06:31:56.000Z,Q2
xlmr_scope,Thundergod2007/vipragsent-xlmr-checkpoints,model,campaigns/vipragsent-xlmr-q1b-q4-followup-v1/xlmr_followup_q2_no_uncertainty_weighting_20260522/checkpoints/best/model.pt,7098825994,4eb75dd9107e74a031c51ac65ac632cf3fd1e3bd,5a0db4b82eec2d544315234d7da7ee47d036be4a4b735e04921ba7b8338a013f,7098825994,135,9a97b2402df477a07d075ff2e3a57d702afb1351588092a899ffd488c3c9b32e,9fa6e90ad125772b0c4980c2fc77392c247c5af4,2026-09-13T07:58:07.000Z,Q2
xlmr_scope,Thundergod2007/vipragsent-xlmr-checkpoints,model,campaigns/vipragsent-xlmr-q1b-q4-followup-v1/xlmr_followup_q2_no_uncertainty_weighting_20260522/checkpoints/latest/model.pt,7098826122,da3c7695c1a610943ee046f58890a7b8fad4dc2d,d8f8faf0eaf358a02b7a089226a2c04773ff9a655043161ad98fb85fde7502ce,7098826122,135,8b9d19b3f530269bc4854a54ae3c3b1b6bc610a0449ee3a968a6d729ba7be3fe,47f56a8e5529e657c9c66d5734e3ec52182b1ffd,2026-09-13T07:59:05.000Z,Q2
xlmr_scope,Thundergod2007/vipragsent-xlmr-checkpoints,model,campaigns/vipragsent-xlmr-q1b-q4-followup-v1/xlmr_followup_q2_no_uncertainty_weighting_20260523/checkpoints/best/model.pt,7098825994,61315ecedd187ce5ee329581198cf7473bb588f1,2a5dc6058e16f6164aaa172487943313a7798980fe41a7cca47192e1439f483c,7098825994,135,f4bfde98a09951a80b2b7ccca6eb96636f38942666e6f77de5f973a6cf08c26c,8cdd6776014d9ce076587f400f767803d8f1894d,2026-09-13T10:06:13.000Z,Q2
xlmr_scope,Thundergod2007/vipragsent-xlmr-checkpoints,model,campaigns/vipragsent-xlmr-q1b-q4-followup-v1/xlmr_followup_q2_no_uncertainty_weighting_20260523/checkpoints/latest/model.pt,7098826122,3bc38a884d86cf2e9bbf5fb6ed5653e2790dcbbe,8dd82ff12064e5c383d4e0782f98b30252074422a6e8ff02b56b0c5656045e29,7098826122,135,18ed8018ba55affd1d698584d207a133e800349f8f4ac0715ca287f9a3d4811e,2ccccb60f5c95bce028e0642b9b558c67345ae0c,2026-09-13T10:09:33.000Z,Q2
xlmr_scope,Thundergod2007/vipragsent-xlmr-checkpoints,model,campaigns/vipragsent-xlmr-q1b-q4-followup-v1/xlmr_followup_q3_full_128_20260521/checkpoints/best/model.pt,7098834986,8d6e97ef91ac2e45fe8f2b5bbc7f176cf874b58c,6f4e15826d6582b6da46f38d09984fc2facb8bd8c2f43e53a1ce33aec49b9f9b,7098834986,135,145c7a68cede9ee1b4911596f2cd73c81a26d272e91693eb4f90fb8c461186d7,b73c1b1cc794da62fa7ef9621d45c1df68329f92,2026-09-14T05:16:26.000Z,Q3
xlmr_scope,Thundergod2007/vipragsent-xlmr-checkpoints,model,campaigns/vipragsent-xlmr-q1b-q4-followup-v1/xlmr_followup_q3_full_128_20260521/checkpoints/latest/model.pt,7098835178,8a18c1e205863cb642e56d7251c3d7fec6a21714,1da120f3c9e70cc13e08ed67aa2debb4f473f9259a65f21100327d32d4e55e41,7098835178,135,6cef6eab5f494283216ccce5ee0c97edd4f3e94ccce544ad48b9d3f3987c1298,b73c1b1cc794da62fa7ef9621d45c1df68329f92,2026-09-14T05:16:26.000Z,Q3
xlmr_scope,Thundergod2007/vipragsent-xlmr-checkpoints,model,campaigns/vipragsent-xlmr-q1b-q4-followup-v1/xlmr_followup_q3_full_128_20260522/checkpoints/best/model.pt,7098834986,6c0a3c718794f616f0195a9e2fc62b0785f80507,4843776b3c690b5b3e7a52444d63a1fe985b18821398294f69337842cf507440,7098834986,135,1fcdc3269037011714e6782298fcd47e3475f3e0c42de69a43f7ea319076bd8b,26105a057165be4f3b496c6ed7be19c6c3c4065b,2026-09-14T06:39:54.000Z,Q3
xlmr_scope,Thundergod2007/vipragsent-xlmr-checkpoints,model,campaigns/vipragsent-xlmr-q1b-q4-followup-v1/xlmr_followup_q3_full_128_20260522/checkpoints/latest/model.pt,7098835178,d5b9a65b32c894ec6772aac8634fb36f547f30f9,5a2bc5209ec211467f6f5b9a0bf099ba76440f620da4d2d8cfce75a9c8e748fe,7098835178,135,55bb751ad2ddb9b8a0fb596ca3a1057a2fc913932c0e0746336ae43d7510bde2,26105a057165be4f3b496c6ed7be19c6c3c4065b,2026-09-14T06:39:54.000Z,Q3
xlmr_scope,Thundergod2007/vipragsent-xlmr-checkpoints,model,campaigns/vipragsent-xlmr-q1b-q4-followup-v1/xlmr_followup_q3_full_128_20260523/checkpoints/best/model.pt,7098835306,f221c7c56553aa3ca56dbcf2573f77f39f57e428,a1bfba1e49aaf9800636bca5562b2395b8fb579624a28135eec33913819baff7,7098835306,135,4f9482b2b271874e590d5379c8d5bc05026777889378e57c4624e718517a9554,437818b6466961da56bd029180ce37964206d550,2026-09-14T08:21:27.000Z,Q3
xlmr_scope,Thundergod2007/vipragsent-xlmr-checkpoints,model,campaigns/vipragsent-xlmr-q1b-q4-followup-v1/xlmr_followup_q3_full_128_20260523/checkpoints/latest/model.pt,7098835434,a31a0303e96bfafe9e40acf3a42b8e3722af2ab4,d8c3dcb6b905baafd72fa4762e8b9530c54cfdb7e7a260e992288d79919e3b72,7098835434,135,6da9e5faf9c27e513e4d2885d99baa3614055aca1147e2ad43379254cc77008f,416f986f8401fd63c12b6f54112c62228a982d42,2026-09-14T08:25:39.000Z,Q3
xlmr_scope,Thundergod2007/vipragsent-xlmr-checkpoints,model,campaigns/vipragsent-xlmr-q1b-q4-followup-v1/xlmr_followup_q3_full_256_20260521/checkpoints/best/model.pt,7098835050,c48578496f8c9789ddb02da62bfabede67717cc8,ab0ef00aff6d0e59fd42cd4e483019730597863c10535034cb061bdacce3ad71,7098835050,135,e3a05dfe35271e4049d6033bede758c79f4133161aebd13fa719b218d96299f8,58a6ddd5db1ce5b10366dbc02007af4eaad09104,2026-09-14T10:04:19.000Z,Q3
xlmr_scope,Thundergod2007/vipragsent-xlmr-checkpoints,model,campaigns/vipragsent-xlmr-q1b-q4-followup-v1/xlmr_followup_q3_full_256_20260521/checkpoints/latest/model.pt,7098835306,638b5292f743e03a77c9e35eac6ad4bef9a19203,8a26b8f1f014442ef7734783e4ce0d0b76581c0b9cca4ed1fb1b2d26f06bcfa1,7098835306,135,fe9c8f1e7968ef8624842487ce5f702525a41923fc33818cbddd075805f61683,bbcda2e44b5166b9a0ada61f80dcbbc789139ef9,2026-09-14T10:08:29.000Z,Q3
xlmr_scope,Thundergod2007/vipragsent-xlmr-checkpoints,model,campaigns/vipragsent-xlmr-q1b-q4-followup-v1/xlmr_followup_q3_full_256_20260522/checkpoints/best/model.pt,7098834858,3261c16a4d84d612aa9d540abe6141b1d676e358,4165f5ab747e04d9f4ac21aa0d913663563c4805ac43dec7537edfb638684c17,7098834858,135,4fac43d5532ebef59149d3fb43a03d404ae105ce7bf45b0f9b322954f8147aaa,41098f5d3d17f8dbf3a3c9f21f09a3e1f020115b,2026-09-14T11:18:23.000Z,Q3
xlmr_scope,Thundergod2007/vipragsent-xlmr-checkpoints,model,campaigns/vipragsent-xlmr-q1b-q4-followup-v1/xlmr_followup_q3_full_256_20260522/checkpoints/latest/model.pt,7098835114,1d82b1585502fd12c8ba112b76e002a2258127c3,5667c84500b3be6cfc0bb92f810b49f8747f8604154e4eddfba806eaae76925c,7098835114,135,4f9974cdbdf06b646a813a4e1c03aeda27e2b5ba1dacb047f489dac1e87d3bf1,41098f5d3d17f8dbf3a3c9f21f09a3e1f020115b,2026-09-14T11:18:23.000Z,Q3
xlmr_scope,Thundergod2007/vipragsent-xlmr-checkpoints,model,campaigns/vipragsent-xlmr-q1b-q4-followup-v1/xlmr_followup_q3_full_256_20260523/checkpoints/best/model.pt,7098835306,4e1e06ff9c94c805e765b62c7781e4efa7162813,abd9509ff51187052f4849e11b28f092d9a53be5d76f818d8b60c2afd84b6375,7098835306,135,1bacfa99b7b75ef1d674350692f83aabf838bcfeeb1f57b605bd96fc98d5f778,ee58aba12ecdcf27415b78658ac65e250e2969b5,2026-09-14T13:00:16.000Z,Q3
xlmr_scope,Thundergod2007/vipragsent-xlmr-checkpoints,model,campaigns/vipragsent-xlmr-q1b-q4-followup-v1/xlmr_followup_q3_full_256_20260523/checkpoints/latest/model.pt,7098835434,1cb8f1981ee966d4bcbea01204b27eeefdb319ad,33e4ed6c0471158e8b3be825124c2198eca6188fdfa0c7dc4aaa6de4b8cd7db4,7098835434,135,7da59721194b3323dbee6bdd7b772b0b76363f0b0b0a4dd0aebee46164fc02d4,c55d94a59b720231066e951004ecee846a3b2811,2026-09-14T13:04:23.000Z,Q3
xlmr_scope,Thundergod2007/vipragsent-xlmr-checkpoints,model,campaigns/vipragsent-xlmr-q1b-q4-followup-v1/xlmr_followup_q3_full_32_20260521/checkpoints/best/model.pt,7098834858,86041e898bbd025e267921edb825bd21204abd02,1de25128465b725c47554d863d9a1a15015f1121fd7e8ccaf2bbdec5502e9d3d,7098834858,135,f3a4f8d6a390bb85d983308f4ffe86f6a309b105cbe8074073f4b222f8c271f0,c1444d7fa8f031a1e792c016a714bdafb5879f3d,2026-09-13T19:37:34.000Z,Q3
xlmr_scope,Thundergod2007/vipragsent-xlmr-checkpoints,model,campaigns/vipragsent-xlmr-q1b-q4-followup-v1/xlmr_followup_q3_full_32_20260521/checkpoints/latest/model.pt,7098835050,3fe678639be31f9d765c6e84bc17f2a3a92f2fb9,93e25c16d7c5514442cb3c5d3aaa669cd0a1ebd0491f1e66fd9288f31254f318,7098835050,135,b1fe4d21d8eebf9766f6a5d84604264cf3aee4f0c2394ceb6f7f8583ed1e47fc,c1444d7fa8f031a1e792c016a714bdafb5879f3d,2026-09-13T19:37:34.000Z,Q3
xlmr_scope,Thundergod2007/vipragsent-xlmr-checkpoints,model,campaigns/vipragsent-xlmr-q1b-q4-followup-v1/xlmr_followup_q3_full_32_20260522/checkpoints/best/model.pt,7098835114,04f40fbe32a0269f129e8fd6e59b869eee2e8286,e34b54bedb6e299d415130c8d461c614540b081c2276ba15ad12c72a7aa9eb8d,7098835114,135,07ee808e23b97e9f2b3e05d537ad767dcac9fd11732ab9443ae14495470f7683,ab80e5b2b7ada0274c6ecb859dd219658609411c,2026-09-13T21:14:04.000Z,Q3
xlmr_scope,Thundergod2007/vipragsent-xlmr-checkpoints,model,campaigns/vipragsent-xlmr-q1b-q4-followup-v1/xlmr_followup_q3_full_32_20260522/checkpoints/latest/model.pt,7098835306,61c8ae9907a63702a6dc95e23240787c52f1217a,26025c059a21099856996f3ce8b068e30646b1e9dfecdc422fd84f4ce53ce524,7098835306,135,810b922985f283b4924df4868859afbe7f30523a025901a3a12978ae2b0bde26,ab80e5b2b7ada0274c6ecb859dd219658609411c,2026-09-13T21:14:04.000Z,Q3
xlmr_scope,Thundergod2007/vipragsent-xlmr-checkpoints,model,campaigns/vipragsent-xlmr-q1b-q4-followup-v1/xlmr_followup_q3_full_32_20260523/checkpoints/best/model.pt,7098835178,3afa4ef1af3717e4bce21313a003e166ef74b8f7,9123c848ddc25153ece64c931793db4b9a847bb4e20a69e8e9f9c04695c197b7,7098835178,135,f9d34b3a081f4d10c3247f2b8e637e2d2fae0fc5cd31b0be467bfdb6fe018af7,3270037a4d0df0164cb285dc3a56202772b3e5fb,2026-09-13T23:00:15.000Z,Q3
xlmr_scope,Thundergod2007/vipragsent-xlmr-checkpoints,model,campaigns/vipragsent-xlmr-q1b-q4-followup-v1/xlmr_followup_q3_full_32_20260523/checkpoints/latest/model.pt,7098835434,2ac3c80caf4c2b206e4ed057fa562abdc3f29969,a1bda1e1c036c78da9b9f212e63008720fceef1d88ec162ba6cc006a298d305e,7098835434,135,dcd006c1c36aa55e26328ea182b0330de347db0b3a3abca649558cbd84a192f5,3270037a4d0df0164cb285dc3a56202772b3e5fb,2026-09-13T23:00:15.000Z,Q3
xlmr_scope,Thundergod2007/vipragsent-xlmr-checkpoints,model,campaigns/vipragsent-xlmr-q1b-q4-followup-v1/xlmr_followup_q3_full_512_20260521/checkpoints/best/model.pt,7098835178,e4f23269ffc25fea75adcded16bba84ace16854b,85d6699519af3774116341fea4ca0a6e5a87204694dac138365f4af85d78513f,7098835178,135,a2453d95ad74ec706aca962dfdea3eb225a203e735846f31bd05ffb2cc07d9a3,0bcdcef00a1808f296045ca62c98496f96084498,2026-09-14T14:43:06.000Z,Q3
xlmr_scope,Thundergod2007/vipragsent-xlmr-checkpoints,model,campaigns/vipragsent-xlmr-q1b-q4-followup-v1/xlmr_followup_q3_full_512_20260521/checkpoints/latest/model.pt,7098835306,e9996403889e9ba4b987c87991f7ec22703e3564,056e8d1546c4321602d58c3d85929dca6b703fbbe354c4c247ec0011fab2b866,7098835306,135,4200bce7da7ebdd4aff928495b37e10a4593ec09e80d613462f88873a1d68d39,3e6a714e54e7aa1706cacfc6c79c58329919ca74,2026-09-14T14:47:28.000Z,Q3
xlmr_scope,Thundergod2007/vipragsent-xlmr-checkpoints,model,campaigns/vipragsent-xlmr-q1b-q4-followup-v1/xlmr_followup_q3_full_512_20260522/checkpoints/best/model.pt,7098834986,1659e3f48c0f6fd15950118667d108509153ff41,d3a701486993e06a1339332aeb662fa19a766de7a4c8c945a85d969c01091481,7098834986,135,5695f9e5256b59a3fbe21e8c7648df4f762ad76cbc248790704cb878ae9e41f1,a671cc7a9a766e638b3a25b9490a73b024baaa76,2026-09-14T16:06:59.000Z,Q3
xlmr_scope,Thundergod2007/vipragsent-xlmr-checkpoints,model,campaigns/vipragsent-xlmr-q1b-q4-followup-v1/xlmr_followup_q3_full_512_20260522/checkpoints/latest/model.pt,7098835178,701e9e6acbbc0c0974c9166898945be58511725b,c918bf9452df59a81c924b6ae64f6b9db10d2bf3ad339a5be22264a5840ee098,7098835178,135,f0aca32bf5fa54deca27ddae5a3885e97cd710d0eea235c1d25f118f87499c35,a671cc7a9a766e638b3a25b9490a73b024baaa76,2026-09-14T16:06:59.000Z,Q3
xlmr_scope,Thundergod2007/vipragsent-xlmr-checkpoints,model,campaigns/vipragsent-xlmr-q1b-q4-followup-v1/xlmr_followup_q3_full_512_20260523/checkpoints/best/model.pt,7098835114,c7ae3ed09ecec6c85bf41f7d618a4badf53e3db7,76c18302a67ed47a780b96f267d04b4989f6859b577d7e284b7551a276abdd64,7098835114,135,3558c1bce28cf1f7974f4c5e6f9897544817e1643db6e95137e52478099939f0,d18554a9825544b467007094cd633a0275f55770,2026-09-14T17:39:22.000Z,Q3
xlmr_scope,Thundergod2007/vipragsent-xlmr-checkpoints,model,campaigns/vipragsent-xlmr-q1b-q4-followup-v1/xlmr_followup_q3_full_512_20260523/checkpoints/latest/model.pt,7098835306,45ba4b6e4ed592be2ca283bca0e6ffccface7aff,ff45b8431421300cdff3f271aef003555a98602c5c0b90271ced731af0ac7735,7098835306,135,70d14bd5cf0c7cd3eb2c6fbdc9b629e6994ac7c30ebf514863f770fe0af980a7,d18554a9825544b467007094cd633a0275f55770,2026-09-14T17:39:22.000Z,Q3
xlmr_scope,Thundergod2007/vipragsent-xlmr-checkpoints,model,campaigns/vipragsent-xlmr-q1b-q4-followup-v1/xlmr_followup_q3_full_64_20260521/checkpoints/best/model.pt,7098834986,523e0c18d225c6039894a030edaff4617d2b3a49,5b9c774362719b0c37cbb6f6778ecb8f754f8ce22a957f46d09e787d7af9651d,7098834986,135,8359802502c5c8100a79da7bed144732feae903ec853bc900a612d7830cc5579,81673a1d5546fe3ba821053dd13966baf60f104b,2026-09-14T00:35:29.000Z,Q3
xlmr_scope,Thundergod2007/vipragsent-xlmr-checkpoints,model,campaigns/vipragsent-xlmr-q1b-q4-followup-v1/xlmr_followup_q3_full_64_20260521/checkpoints/latest/model.pt,7098835178,1dff3aca32c82f6ee38e30dabc3af4d6ac89deac,5ee09390449f01b0e7e739142bb47952900e05229d779a0602c6c21ed51bd58c,7098835178,135,6f56afe8f9aa37a66712bdb82ec6588841cf1b04d02e5dd8fd6c6a7f2b0d2ada,81673a1d5546fe3ba821053dd13966baf60f104b,2026-09-14T00:35:29.000Z,Q3
xlmr_scope,Thundergod2007/vipragsent-xlmr-checkpoints,model,campaigns/vipragsent-xlmr-q1b-q4-followup-v1/xlmr_followup_q3_full_64_20260522/checkpoints/best/model.pt,7098834986,72bcdc6d89ef9e6f1cb9349b1d57be81e36d6370,fe7b50bf6e284185c7801215e6331007612befdc73f3f792ce1468f6830322ae,7098834986,135,1c1a1a7a5f20d9fbc6a123ef553ecbf7b13090768e6bb09b997226b45230fe5a,bb0cb0d61536339df5a654d694369e474e788f7e,2026-09-14T01:59:40.000Z,Q3
xlmr_scope,Thundergod2007/vipragsent-xlmr-checkpoints,model,campaigns/vipragsent-xlmr-q1b-q4-followup-v1/xlmr_followup_q3_full_64_20260522/checkpoints/latest/model.pt,7098835178,5b1f3f4aeb3bc6cab07ae85c2297f174ea1cfd2d,87933bbb2bacf54e14a829b8e98478d4d7b4d19e419c249e6f20210af076534f,7098835178,135,f2f9a4451acdfc5384f99aaf36f47a323375ac9935735685be9c683d31a49ab9,bb0cb0d61536339df5a654d694369e474e788f7e,2026-09-14T01:59:40.000Z,Q3
xlmr_scope,Thundergod2007/vipragsent-xlmr-checkpoints,model,campaigns/vipragsent-xlmr-q1b-q4-followup-v1/xlmr_followup_q3_full_64_20260523/checkpoints/best/model.pt,7098835306,bb9e5313dc9fa37a9427ece98cf24c4cde4783e1,3eb5e3d0f26ee547a84e57abda39e253364dd1525a09bb3ef1ad90a81c7e8c9f,7098835306,135,ca06d2b9bdcfc57986c4e38ec892862a6d62d1cc09795d7222ad5c37258e8bd2,2bccf1f489b97e94bd0c4bf2c27f334bc67f63d4,2026-09-14T03:42:51.000Z,Q3
xlmr_scope,Thundergod2007/vipragsent-xlmr-checkpoints,model,campaigns/vipragsent-xlmr-q1b-q4-followup-v1/xlmr_followup_q3_full_64_20260523/checkpoints/latest/model.pt,7098835434,0d3db8cb087d81b79ac77ca0f58fbaab31712701,7a7ea777172b4d3e6db80d657668f4a2855fcad2a07c5dfe026fd159ee1c2af8,7098835434,135,3ded68c8ac56dd669a89894301d4d1c19da58cb17f1a64573b6dfb05cd6c6e3a,2bccf1f489b97e94bd0c4bf2c27f334bc67f63d4,2026-09-14T03:42:51.000Z,Q3
xlmr_scope,Thundergod2007/vipragsent-xlmr-checkpoints,model,campaigns/vipragsent-xlmr-q1b-q4-followup-v1/xlmr_followup_q3_full_full_20260521/checkpoints/best/model.pt,7098834666,605e3ca6030090fecc88dd6091811b67bbd4c4a3,2327c2a48f4d04580e5e229ff63402598255ef2c6576c574117d0cc96e527a24,7098834666,135,08f66c1b2d3ed4f541279200220729c66aa06f2a470110f6244317a11d48d56c,8b61c044fe304bd3847460242817539086aec6bd,2026-09-14T18:43:43.000Z,Q3
xlmr_scope,Thundergod2007/vipragsent-xlmr-checkpoints,model,campaigns/vipragsent-xlmr-q1b-q4-followup-v1/xlmr_followup_q3_full_full_20260521/checkpoints/latest/model.pt,7098834858,489e81188f89c8c8b9e6bc5b4ce9bcd7ded7d825,e72c2c1bd9a414123de4e00ab48f96f7cf493d75d9976b185cdf32fff6e7bbc1,7098834858,135,c1e0a3bb492b34a680cd3b64e2d97a53f46b95ee22eba6efbebd0810f5782621,8b61c044fe304bd3847460242817539086aec6bd,2026-09-14T18:43:43.000Z,Q3
xlmr_scope,Thundergod2007/vipragsent-xlmr-checkpoints,model,campaigns/vipragsent-xlmr-q1b-q4-followup-v1/xlmr_followup_q3_full_full_20260522/checkpoints/best/model.pt,7098835306,b968b0248618eddbc482a1d3b67041b6d44f8343,d683a5036ea049eeb8469eb9829215787650d8e128c9613e5c03ff4df3be60fc,7098835306,135,6ee04d48296601edee9107fca396a07e31b074c01c9638e164c2033191d6c089,385b565bccf267f5e7e4b2e067e1eaa3f6426961,2026-09-14T20:24:18.000Z,Q3
xlmr_scope,Thundergod2007/vipragsent-xlmr-checkpoints,model,campaigns/vipragsent-xlmr-q1b-q4-followup-v1/xlmr_followup_q3_full_full_20260522/checkpoints/latest/model.pt,7098835434,4f67988c1c2b79e4b6591a4f5688d4da3f5ff1ef,c8d3ccbc1d895431d46e875b58d8be7747fa0883113b0070410e2d655c8f101c,7098835434,135,33f366836604080c22c3a985c610e2351b848959fa797ac5bcd97606e077d5f7,29e0950e7571cf4e5aa7b681147c94b512e448da,2026-09-14T20:28:39.000Z,Q3
xlmr_scope,Thundergod2007/vipragsent-xlmr-checkpoints,model,campaigns/vipragsent-xlmr-q1b-q4-followup-v1/xlmr_followup_q3_full_full_20260523/checkpoints/best/model.pt,7098834794,c390994a5e823dcea3819a6b9c0bff813a10d362,bbba82de30b86d7744177119e89704585e83a602e2d0d3b4f3a626629ad9aeae,7098834794,135,bc8c99df2cdf39695881ab4d87d31de4d0e53264c1f844de0f2747596c41b076,79162901e214eb2551ebe8c82fcff32c987b7743,2026-09-14T21:28:19.000Z,Q3
xlmr_scope,Thundergod2007/vipragsent-xlmr-checkpoints,model,campaigns/vipragsent-xlmr-q1b-q4-followup-v1/xlmr_followup_q3_full_full_20260523/checkpoints/latest/model.pt,7098834986,2e509d64392a70a71679f6251af18623066b0e23,ab7f21a0a382e3fb3b422988b10ee11570328116decdd60d90411f0ec7bb9f75,7098834986,135,bede076cdcb109027cf9fb36d8d4a73a5216cafb6db4e52aff96e4f7b3cfc185,545ce74ea5a69d86541b631c409015ef07d3f30f,2026-09-14T21:32:39.000Z,Q3
xlmr_scope,Thundergod2007/vipragsent-xlmr-checkpoints,model,q1a_xlmr_pragmatic_finetune_20260521/checkpoints/best/model.pt,6706720214,bc7f705acc9a1505d985fb110f87d767d4e8dfa6,743d0df325f6313f038fa53ab0f5be03a94f496a2b2d30caa1f7b09087c9aabb,6706720214,135,8a8fcac865b4d84516c630d02e0c79a3b4c62bae52803b3391c1f46f7bd20ecb,287d5555ec0802811a16062dc3b0afc6a4ce71a7,2026-08-08T15:49:45.000Z,Q1a
xlmr_scope,Thundergod2007/vipragsent-xlmr-checkpoints,model,q1a_xlmr_pragmatic_finetune_20260522/checkpoints/best/model.pt,6706720342,80a28546e19b356a09086e0b2a24ac493e889fa4,324f416164096fda9e095c63810153667a480a21499816a7d159d7b6d434be92,6706720342,135,26328a5fc39cda323db07a142d7455070609319fe2afebb15d20c0e567476c69,5f8a0ef32ffea05cdd45601b30923a54e7b0edf0,2026-08-08T16:03:31.000Z,Q1a
xlmr_scope,Thundergod2007/vipragsent-xlmr-checkpoints,model,q1a_xlmr_pragmatic_finetune_20260523/checkpoints/best/model.pt,6706720342,daad6919cdd46d77ebdd60a3d58b74e93d81a899,680662efae10721c217d9de12b635ad523e34960c7aa6fe02d41ad8d95e5a5e4,6706720342,135,662667dc03e2d4dbfa0bf591a04229f2b64ceb7ff6d25066614833db3cf7d880,d004da4621be813a1f3ce8ef3d171dce6102fbe2,2026-08-08T16:32:50.000Z,Q1a
