system,seed,label,bin_index,bin_lower,bin_upper,count,mean_confidence,empirical_positive_rate,absolute_gap
phobert_pragmatic_finetune,20260521,implicit_sentiment,0,0.0,0.1,7,0.043651510126555014,0.0,0.043651510126555014
phobert_pragmatic_finetune,20260521,implicit_sentiment,1,0.1,0.2,9,0.15159720702926638,0.0,0.15159720702926638
phobert_pragmatic_finetune,20260521,implicit_sentiment,2,0.2,0.30000000000000004,8,0.2488648342327392,0.0,0.2488648342327392
phobert_pragmatic_finetune,20260521,implicit_sentiment,3,0.30000000000000004,0.4,7,0.33323778962102607,0.0,0.33323778962102607
phobert_pragmatic_finetune,20260521,implicit_sentiment,4,0.4,0.5,9,0.4396525437561681,0.2222222222222222,0.21743032153394587
phobert_pragmatic_finetune,20260521,implicit_sentiment,5,0.5,0.6000000000000001,7,0.539074470853921,0.5714285714285714,0.03235410057465038
phobert_pragmatic_finetune,20260521,implicit_sentiment,6,0.6000000000000001,0.7000000000000001,4,0.622578012546418,0.75,0.12742198745358202
phobert_pragmatic_finetune,20260521,implicit_sentiment,7,0.7000000000000001,0.8,3,0.7518632784132618,1.0,0.24813672158673816
phobert_pragmatic_finetune,20260521,implicit_sentiment,8,0.8,0.9,8,0.8454606342300472,1.0,0.15453936576995275
phobert_pragmatic_finetune,20260521,implicit_sentiment,9,0.9,1.0,2,0.9553700746698225,1.0,0.04462992533017751
phobert_pragmatic_finetune,20260521,sarcasm,0,0.0,0.1,7,0.05855834122650209,0.0,0.05855834122650209
phobert_pragmatic_finetune,20260521,sarcasm,1,0.1,0.2,8,0.17096755224667726,0.0,0.17096755224667726
phobert_pragmatic_finetune,20260521,sarcasm,2,0.2,0.30000000000000004,11,0.23478961054637235,0.09090909090909091,0.14388051963728143
phobert_pragmatic_finetune,20260521,sarcasm,3,0.30000000000000004,0.4,16,0.3377649262803071,0.0625,0.2752649262803071
phobert_pragmatic_finetune,20260521,sarcasm,4,0.4,0.5,8,0.45520510591719815,0.25,0.20520510591719815
phobert_pragmatic_finetune,20260521,sarcasm,5,0.5,0.6000000000000001,5,0.5351510736689088,0.6,0.06484892633109118
phobert_pragmatic_finetune,20260521,sarcasm,6,0.6000000000000001,0.7000000000000001,2,0.653003693527842,1.0,0.34699630647215796
phobert_pragmatic_finetune,20260521,sarcasm,7,0.7000000000000001,0.8,3,0.7743853783754636,1.0,0.22561462162453638
phobert_pragmatic_finetune,20260521,sarcasm,8,0.8,0.9,2,0.8390920885248148,1.0,0.16090791147518524
phobert_pragmatic_finetune,20260521,sarcasm,9,0.9,1.0,2,0.9672096837418804,1.0,0.03279031625811957
phobert_pragmatic_finetune,20260521,irony,0,0.0,0.1,4,0.048434412910438006,0.0,0.048434412910438006
phobert_pragmatic_finetune,20260521,irony,1,0.1,0.2,4,0.14174830515183734,0.0,0.14174830515183734
phobert_pragmatic_finetune,20260521,irony,2,0.2,0.30000000000000004,11,0.23175827701738774,0.0,0.23175827701738774
phobert_pragmatic_finetune,20260521,irony,3,0.30000000000000004,0.4,14,0.3519743178854261,0.0,0.3519743178854261
phobert_pragmatic_finetune,20260521,irony,4,0.4,0.5,8,0.4400896842172662,0.125,0.3150896842172662
phobert_pragmatic_finetune,20260521,irony,5,0.5,0.6000000000000001,5,0.5456270225205869,0.6,0.054372977479413054
phobert_pragmatic_finetune,20260521,irony,6,0.6000000000000001,0.7000000000000001,8,0.6484968233594517,0.875,0.2265031766405483
phobert_pragmatic_finetune,20260521,irony,7,0.7000000000000001,0.8,4,0.7601740580570869,1.0,0.23982594194291307
phobert_pragmatic_finetune,20260521,irony,8,0.8,0.9,3,0.8701933573768009,1.0,0.12980664262319908
phobert_pragmatic_finetune,20260521,irony,9,0.9,1.0,3,0.9428814864942435,1.0,0.057118513505756474
phobert_pragmatic_finetune,20260521,idiom_figurative,0,0.0,0.1,8,0.06284790623620136,0.0,0.06284790623620136
phobert_pragmatic_finetune,20260521,idiom_figurative,1,0.1,0.2,8,0.14286713038453142,0.0,0.14286713038453142
phobert_pragmatic_finetune,20260521,idiom_figurative,2,0.2,0.30000000000000004,9,0.2489904747808749,0.0,0.2489904747808749
phobert_pragmatic_finetune,20260521,idiom_figurative,3,0.30000000000000004,0.4,11,0.378635548674593,0.0,0.378635548674593
phobert_pragmatic_finetune,20260521,idiom_figurative,4,0.4,0.5,10,0.44945978365808037,0.2,0.24945978365808036
phobert_pragmatic_finetune,20260521,idiom_figurative,5,0.5,0.6000000000000001,6,0.5354965934557571,0.3333333333333333,0.20216326012242375
phobert_pragmatic_finetune,20260521,idiom_figurative,6,0.6000000000000001,0.7000000000000001,3,0.6323617937159173,1.0,0.3676382062840827
phobert_pragmatic_finetune,20260521,idiom_figurative,7,0.7000000000000001,0.8,3,0.7504226915957998,1.0,0.24957730840420023
phobert_pragmatic_finetune,20260521,idiom_figurative,8,0.8,0.9,5,0.8606926799864432,1.0,0.13930732001355683
phobert_pragmatic_finetune,20260521,idiom_figurative,9,0.9,1.0,1,0.9153900064497527,1.0,0.08460999355024734
phobert_pragmatic_finetune,20260521,code_switching,0,0.0,0.1,9,0.03027261600006275,0.0,0.03027261600006275
phobert_pragmatic_finetune,20260521,code_switching,1,0.1,0.2,11,0.16891221642599105,0.0,0.16891221642599105
phobert_pragmatic_finetune,20260521,code_switching,2,0.2,0.30000000000000004,9,0.25028313042514355,0.0,0.25028313042514355
phobert_pragmatic_finetune,20260521,code_switching,3,0.30000000000000004,0.4,10,0.3391320509163175,0.1,0.23913205091631748
phobert_pragmatic_finetune,20260521,code_switching,4,0.4,0.5,5,0.44281211688490457,0.0,0.44281211688490457
phobert_pragmatic_finetune,20260521,code_switching,5,0.5,0.6000000000000001,6,0.545846039858875,1.0,0.45415396014112497
phobert_pragmatic_finetune,20260521,code_switching,6,0.6000000000000001,0.7000000000000001,4,0.6439829678385398,1.0,0.3560170321614602
phobert_pragmatic_finetune,20260521,code_switching,7,0.7000000000000001,0.8,2,0.7320252092932513,1.0,0.2679747907067487
phobert_pragmatic_finetune,20260521,code_switching,8,0.8,0.9,6,0.854664835758514,1.0,0.14533516424148596
phobert_pragmatic_finetune,20260521,code_switching,9,0.9,1.0,2,0.99,1.0,0.010000000000000009
phobert_pragmatic_finetune,20260521,mocking,0,0.0,0.1,6,0.02241224774348218,0.0,0.02241224774348218
phobert_pragmatic_finetune,20260521,mocking,1,0.1,0.2,8,0.16738788283062045,0.0,0.16738788283062045
phobert_pragmatic_finetune,20260521,mocking,2,0.2,0.30000000000000004,11,0.2615917678949002,0.0,0.2615917678949002
phobert_pragmatic_finetune,20260521,mocking,3,0.30000000000000004,0.4,10,0.3685788393088929,0.0,0.3685788393088929
phobert_pragmatic_finetune,20260521,mocking,4,0.4,0.5,4,0.4506767642406922,0.0,0.4506767642406922
phobert_pragmatic_finetune,20260521,mocking,5,0.5,0.6000000000000001,12,0.5430475699405749,0.3333333333333333,0.2097142366072416
phobert_pragmatic_finetune,20260521,mocking,6,0.6000000000000001,0.7000000000000001,6,0.6450787461264557,0.8333333333333334,0.1882545872068777
phobert_pragmatic_finetune,20260521,mocking,7,0.7000000000000001,0.8,1,0.7028915149126799,1.0,0.29710848508732013
phobert_pragmatic_finetune,20260521,mocking,8,0.8,0.9,3,0.8349034799298115,1.0,0.1650965200701885
phobert_pragmatic_finetune,20260521,mocking,9,0.9,1.0,3,0.9798416356683295,1.0,0.02015836433167051
phobert_pragmatic_finetune,20260522,implicit_sentiment,0,0.0,0.1,8,0.04618779666282572,0.0,0.04618779666282572
phobert_pragmatic_finetune,20260522,implicit_sentiment,1,0.1,0.2,9,0.16545977022371583,0.0,0.16545977022371583
phobert_pragmatic_finetune,20260522,implicit_sentiment,2,0.2,0.30000000000000004,7,0.2482648660859111,0.14285714285714285,0.10540772322876826
phobert_pragmatic_finetune,20260522,implicit_sentiment,3,0.30000000000000004,0.4,8,0.3511878614223266,0.0,0.3511878614223266
phobert_pragmatic_finetune,20260522,implicit_sentiment,4,0.4,0.5,10,0.4453345117129338,0.2,0.2453345117129338
phobert_pragmatic_finetune,20260522,implicit_sentiment,5,0.5,0.6000000000000001,5,0.5498698713457921,0.6,0.05013012865420785
phobert_pragmatic_finetune,20260522,implicit_sentiment,6,0.6000000000000001,0.7000000000000001,8,0.6380286400292707,0.875,0.23697135997072927
phobert_pragmatic_finetune,20260522,implicit_sentiment,7,0.7000000000000001,0.8,5,0.7236559958325127,1.0,0.2763440041674873
phobert_pragmatic_finetune,20260522,implicit_sentiment,8,0.8,0.9,2,0.8628363982215992,1.0,0.1371636017784008
phobert_pragmatic_finetune,20260522,implicit_sentiment,9,0.9,1.0,2,0.9538465042218014,1.0,0.046153495778198605
phobert_pragmatic_finetune,20260522,sarcasm,0,0.0,0.1,8,0.025747775285082642,0.0,0.025747775285082642
phobert_pragmatic_finetune,20260522,sarcasm,1,0.1,0.2,6,0.14076747452710406,0.0,0.14076747452710406
phobert_pragmatic_finetune,20260522,sarcasm,2,0.2,0.30000000000000004,13,0.24093066253272982,0.0,0.24093066253272982
phobert_pragmatic_finetune,20260522,sarcasm,3,0.30000000000000004,0.4,13,0.3590908625229166,0.15384615384615385,0.20524470867676275
phobert_pragmatic_finetune,20260522,sarcasm,4,0.4,0.5,6,0.4421171436813509,0.16666666666666666,0.2754504770146843
phobert_pragmatic_finetune,20260522,sarcasm,5,0.5,0.6000000000000001,3,0.5433504327871471,0.3333333333333333,0.2100170994538138
phobert_pragmatic_finetune,20260522,sarcasm,6,0.6000000000000001,0.7000000000000001,8,0.6405759154105888,0.75,0.10942408458941122
phobert_pragmatic_finetune,20260522,sarcasm,7,0.7000000000000001,0.8,3,0.7310444347858027,0.6666666666666666,0.06437776811913609
phobert_pragmatic_finetune,20260522,sarcasm,8,0.8,0.9,3,0.8399535628353396,1.0,0.16004643716466038
phobert_pragmatic_finetune,20260522,sarcasm,9,0.9,1.0,1,0.930631696005344,1.0,0.06936830399465599
phobert_pragmatic_finetune,20260522,irony,0,0.0,0.1,7,0.04021470041201019,0.0,0.04021470041201019
phobert_pragmatic_finetune,20260522,irony,1,0.1,0.2,8,0.1688699413788914,0.0,0.1688699413788914
phobert_pragmatic_finetune,20260522,irony,2,0.2,0.30000000000000004,9,0.25045145542847663,0.0,0.25045145542847663
phobert_pragmatic_finetune,20260522,irony,3,0.30000000000000004,0.4,10,0.3539371989015181,0.0,0.3539371989015181
phobert_pragmatic_finetune,20260522,irony,4,0.4,0.5,6,0.448618946024296,0.0,0.448618946024296
phobert_pragmatic_finetune,20260522,irony,5,0.5,0.6000000000000001,6,0.5253896747351958,0.6666666666666666,0.1412769919314708
phobert_pragmatic_finetune,20260522,irony,6,0.6000000000000001,0.7000000000000001,8,0.6309713916556716,1.0,0.3690286083443284
phobert_pragmatic_finetune,20260522,irony,7,0.7000000000000001,0.8,3,0.7547551036259502,0.6666666666666666,0.08808843695928359
phobert_pragmatic_finetune,20260522,irony,8,0.8,0.9,6,0.841511893422413,1.0,0.15848810657758705
phobert_pragmatic_finetune,20260522,irony,9,0.9,1.0,1,0.9132490150155271,1.0,0.08675098498447287
phobert_pragmatic_finetune,20260522,idiom_figurative,0,0.0,0.1,7,0.04050060821509912,0.0,0.04050060821509912
phobert_pragmatic_finetune,20260522,idiom_figurative,1,0.1,0.2,9,0.14639444141777794,0.0,0.14639444141777794
phobert_pragmatic_finetune,20260522,idiom_figurative,2,0.2,0.30000000000000004,10,0.2559070552408874,0.0,0.2559070552408874
phobert_pragmatic_finetune,20260522,idiom_figurative,3,0.30000000000000004,0.4,14,0.36076365972820235,0.0,0.36076365972820235
phobert_pragmatic_finetune,20260522,idiom_figurative,4,0.4,0.5,7,0.4572516602229708,0.2857142857142857,0.17153737450868511
phobert_pragmatic_finetune,20260522,idiom_figurative,5,0.5,0.6000000000000001,5,0.5616433417525338,0.6,0.03835665824746615
phobert_pragmatic_finetune,20260522,idiom_figurative,6,0.6000000000000001,0.7000000000000001,4,0.6561745699152037,1.0,0.34382543008479627
phobert_pragmatic_finetune,20260522,idiom_figurative,7,0.7000000000000001,0.8,2,0.7298255199426623,0.5,0.22982551994266232
phobert_pragmatic_finetune,20260522,idiom_figurative,8,0.8,0.9,1,0.8427872984770839,1.0,0.1572127015229161
phobert_pragmatic_finetune,20260522,idiom_figurative,9,0.9,1.0,5,0.9555886498283774,1.0,0.044411350171622566
phobert_pragmatic_finetune,20260522,code_switching,0,0.0,0.1,4,0.06893744431357537,0.0,0.06893744431357537
phobert_pragmatic_finetune,20260522,code_switching,1,0.1,0.2,11,0.16814928815236493,0.0,0.16814928815236493
phobert_pragmatic_finetune,20260522,code_switching,2,0.2,0.30000000000000004,10,0.26097819219741303,0.0,0.26097819219741303
phobert_pragmatic_finetune,20260522,code_switching,3,0.30000000000000004,0.4,9,0.3603781933858961,0.0,0.3603781933858961
phobert_pragmatic_finetune,20260522,code_switching,4,0.4,0.5,7,0.4441202578813354,0.0,0.4441202578813354
phobert_pragmatic_finetune,20260522,code_switching,5,0.5,0.6000000000000001,6,0.5540635830099153,1.0,0.4459364169900847
phobert_pragmatic_finetune,20260522,code_switching,6,0.6000000000000001,0.7000000000000001,5,0.6405783075624621,0.6,0.04057830756246217
phobert_pragmatic_finetune,20260522,code_switching,7,0.7000000000000001,0.8,7,0.7646244715547075,1.0,0.23537552844529253
phobert_pragmatic_finetune,20260522,code_switching,8,0.8,0.9,3,0.81810480189894,1.0,0.18189519810106003
phobert_pragmatic_finetune,20260522,code_switching,9,0.9,1.0,2,0.9133680680061481,1.0,0.08663193199385189
phobert_pragmatic_finetune,20260522,mocking,0,0.0,0.1,4,0.049369082583275554,0.0,0.049369082583275554
phobert_pragmatic_finetune,20260522,mocking,1,0.1,0.2,8,0.1532329726929607,0.0,0.1532329726929607
phobert_pragmatic_finetune,20260522,mocking,2,0.2,0.30000000000000004,17,0.25717056188834586,0.0,0.25717056188834586
phobert_pragmatic_finetune,20260522,mocking,3,0.30000000000000004,0.4,9,0.3466531458832318,0.0,0.3466531458832318
phobert_pragmatic_finetune,20260522,mocking,4,0.4,0.5,7,0.44330883781684705,0.0,0.44330883781684705
phobert_pragmatic_finetune,20260522,mocking,5,0.5,0.6000000000000001,7,0.5494471264872113,0.5714285714285714,0.021981444941360118
phobert_pragmatic_finetune,20260522,mocking,6,0.6000000000000001,0.7000000000000001,3,0.653147787726389,1.0,0.34685221227361096
phobert_pragmatic_finetune,20260522,mocking,7,0.7000000000000001,0.8,2,0.7926881741423626,1.0,0.2073118258576374
phobert_pragmatic_finetune,20260522,mocking,8,0.8,0.9,0,0.0,0.0,0.0
phobert_pragmatic_finetune,20260522,mocking,9,0.9,1.0,7,0.9484126587414087,1.0,0.051587341258591324
phobert_pragmatic_finetune,20260523,implicit_sentiment,0,0.0,0.1,7,0.04519450092647421,0.0,0.04519450092647421
phobert_pragmatic_finetune,20260523,implicit_sentiment,1,0.1,0.2,10,0.14605584906408647,0.0,0.14605584906408647
phobert_pragmatic_finetune,20260523,implicit_sentiment,2,0.2,0.30000000000000004,9,0.2555516745293165,0.0,0.2555516745293165
phobert_pragmatic_finetune,20260523,implicit_sentiment,3,0.30000000000000004,0.4,9,0.3493604068388255,0.1111111111111111,0.23824929572771442
phobert_pragmatic_finetune,20260523,implicit_sentiment,4,0.4,0.5,4,0.436722833813609,0.0,0.436722833813609
phobert_pragmatic_finetune,20260523,implicit_sentiment,5,0.5,0.6000000000000001,6,0.5411183448517729,0.5,0.0411183448517729
phobert_pragmatic_finetune,20260523,implicit_sentiment,6,0.6000000000000001,0.7000000000000001,7,0.651539116981966,0.8571428571428571,0.2056037401608911
phobert_pragmatic_finetune,20260523,implicit_sentiment,7,0.7000000000000001,0.8,6,0.7502290330201031,1.0,0.24977096697989687
phobert_pragmatic_finetune,20260523,implicit_sentiment,8,0.8,0.9,3,0.8615628574658784,1.0,0.13843714253412165
phobert_pragmatic_finetune,20260523,implicit_sentiment,9,0.9,1.0,3,0.9778264922797751,1.0,0.02217350772022486
phobert_pragmatic_finetune,20260523,sarcasm,0,0.0,0.1,6,0.04116150960553297,0.0,0.04116150960553297
phobert_pragmatic_finetune,20260523,sarcasm,1,0.1,0.2,10,0.15555093859791613,0.0,0.15555093859791613
phobert_pragmatic_finetune,20260523,sarcasm,2,0.2,0.30000000000000004,10,0.24435567399664607,0.0,0.24435567399664607
phobert_pragmatic_finetune,20260523,sarcasm,3,0.30000000000000004,0.4,8,0.34111268473537104,0.0,0.34111268473537104
phobert_pragmatic_finetune,20260523,sarcasm,4,0.4,0.5,10,0.45156860247121555,0.1,0.3515686024712156
phobert_pragmatic_finetune,20260523,sarcasm,5,0.5,0.6000000000000001,4,0.548730141301476,0.5,0.048730141301476015
phobert_pragmatic_finetune,20260523,sarcasm,6,0.6000000000000001,0.7000000000000001,9,0.6384270077814433,0.7777777777777778,0.13935076999633444
phobert_pragmatic_finetune,20260523,sarcasm,7,0.7000000000000001,0.8,4,0.7561379719710416,0.75,0.0061379719710416
phobert_pragmatic_finetune,20260523,sarcasm,8,0.8,0.9,2,0.8337805580312253,1.0,0.1662194419687747
phobert_pragmatic_finetune,20260523,sarcasm,9,0.9,1.0,1,0.9319797299431883,1.0,0.06802027005681166
phobert_pragmatic_finetune,20260523,irony,0,0.0,0.1,9,0.050732759316960495,0.0,0.050732759316960495
phobert_pragmatic_finetune,20260523,irony,1,0.1,0.2,5,0.13658690650805155,0.0,0.13658690650805155
phobert_pragmatic_finetune,20260523,irony,2,0.2,0.30000000000000004,11,0.24352584996051088,0.0,0.24352584996051088
phobert_pragmatic_finetune,20260523,irony,3,0.30000000000000004,0.4,9,0.3489483734972499,0.0,0.3489483734972499
phobert_pragmatic_finetune,20260523,irony,4,0.4,0.5,8,0.4356693371753526,0.0,0.4356693371753526
phobert_pragmatic_finetune,20260523,irony,5,0.5,0.6000000000000001,5,0.5665577936678192,0.8,0.23344220633218082
phobert_pragmatic_finetune,20260523,irony,6,0.6000000000000001,0.7000000000000001,7,0.6543632906323166,1.0,0.3456367093676834
phobert_pragmatic_finetune,20260523,irony,7,0.7000000000000001,0.8,7,0.7494283739076905,1.0,0.25057162609230954
phobert_pragmatic_finetune,20260523,irony,8,0.8,0.9,2,0.8612420107148548,1.0,0.13875798928514516
phobert_pragmatic_finetune,20260523,irony,9,0.9,1.0,1,0.9245680228168388,1.0,0.07543197718316119
phobert_pragmatic_finetune,20260523,idiom_figurative,0,0.0,0.1,4,0.039121847949539434,0.0,0.039121847949539434
phobert_pragmatic_finetune,20260523,idiom_figurative,1,0.1,0.2,11,0.15494597204981062,0.0,0.15494597204981062
phobert_pragmatic_finetune,20260523,idiom_figurative,2,0.2,0.30000000000000004,10,0.2524915440672555,0.0,0.2524915440672555
phobert_pragmatic_finetune,20260523,idiom_figurative,3,0.30000000000000004,0.4,13,0.35526850274052507,0.15384615384615385,0.20142234889437122
phobert_pragmatic_finetune,20260523,idiom_figurative,4,0.4,0.5,8,0.44691349123401897,0.0,0.44691349123401897
phobert_pragmatic_finetune,20260523,idiom_figurative,5,0.5,0.6000000000000001,4,0.5498607607514238,0.25,0.29986076075142376
phobert_pragmatic_finetune,20260523,idiom_figurative,6,0.6000000000000001,0.7000000000000001,5,0.6478718998526933,0.8,0.1521281001473067
phobert_pragmatic_finetune,20260523,idiom_figurative,7,0.7000000000000001,0.8,5,0.750201684196542,1.0,0.24979831580345802
phobert_pragmatic_finetune,20260523,idiom_figurative,8,0.8,0.9,4,0.8277573753749523,1.0,0.1722426246250477
phobert_pragmatic_finetune,20260523,idiom_figurative,9,0.9,1.0,0,0.0,0.0,0.0
phobert_pragmatic_finetune,20260523,code_switching,0,0.0,0.1,7,0.03899327069265405,0.0,0.03899327069265405
phobert_pragmatic_finetune,20260523,code_switching,1,0.1,0.2,8,0.15781030174192648,0.0,0.15781030174192648
phobert_pragmatic_finetune,20260523,code_switching,2,0.2,0.30000000000000004,5,0.2653282156705433,0.0,0.2653282156705433
phobert_pragmatic_finetune,20260523,code_switching,3,0.30000000000000004,0.4,10,0.33855864740427577,0.2,0.13855864740427576
phobert_pragmatic_finetune,20260523,code_switching,4,0.4,0.5,6,0.45104751380475233,0.16666666666666666,0.28438084713808565
phobert_pragmatic_finetune,20260523,code_switching,5,0.5,0.6000000000000001,12,0.5406682278808099,0.4166666666666667,0.12400156121414324
phobert_pragmatic_finetune,20260523,code_switching,6,0.6000000000000001,0.7000000000000001,6,0.6380275288702887,0.8333333333333334,0.19530580446304469
phobert_pragmatic_finetune,20260523,code_switching,7,0.7000000000000001,0.8,5,0.7599991373694778,0.6,0.1599991373694778
phobert_pragmatic_finetune,20260523,code_switching,8,0.8,0.9,1,0.8027947207938441,1.0,0.19720527920615594
phobert_pragmatic_finetune,20260523,code_switching,9,0.9,1.0,4,0.9495585882847348,1.0,0.05044141171526517
phobert_pragmatic_finetune,20260523,mocking,0,0.0,0.1,5,0.03683468329408607,0.0,0.03683468329408607
phobert_pragmatic_finetune,20260523,mocking,1,0.1,0.2,10,0.14707372739341937,0.0,0.14707372739341937
phobert_pragmatic_finetune,20260523,mocking,2,0.2,0.30000000000000004,12,0.24723294242772506,0.0,0.24723294242772506
phobert_pragmatic_finetune,20260523,mocking,3,0.30000000000000004,0.4,12,0.3446287532995013,0.0,0.3446287532995013
phobert_pragmatic_finetune,20260523,mocking,4,0.4,0.5,10,0.4528120650710588,0.2,0.2528120650710588
phobert_pragmatic_finetune,20260523,mocking,5,0.5,0.6000000000000001,3,0.554789588473279,0.6666666666666666,0.11187707819338766
phobert_pragmatic_finetune,20260523,mocking,6,0.6000000000000001,0.7000000000000001,4,0.6548942475324816,1.0,0.3451057524675184
phobert_pragmatic_finetune,20260523,mocking,7,0.7000000000000001,0.8,1,0.7417531303994647,1.0,0.25824686960053533
phobert_pragmatic_finetune,20260523,mocking,8,0.8,0.9,5,0.8425156879388783,1.0,0.15748431206112168
phobert_pragmatic_finetune,20260523,mocking,9,0.9,1.0,2,0.9188562830385749,1.0,0.08114371696142508
vistral_pragmatic_sft,20260521,implicit_sentiment,0,0.0,0.1,8,0.03365366170055841,0.0,0.03365366170055841
vistral_pragmatic_sft,20260521,implicit_sentiment,1,0.1,0.2,7,0.1657333197328246,0.0,0.1657333197328246
vistral_pragmatic_sft,20260521,implicit_sentiment,2,0.2,0.30000000000000004,8,0.24764990275744278,0.0,0.24764990275744278
vistral_pragmatic_sft,20260521,implicit_sentiment,3,0.30000000000000004,0.4,10,0.3450245068297313,0.1,0.2450245068297313
vistral_pragmatic_sft,20260521,implicit_sentiment,4,0.4,0.5,4,0.45119851792798255,0.25,0.20119851792798255
vistral_pragmatic_sft,20260521,implicit_sentiment,5,0.5,0.6000000000000001,11,0.553551937513523,0.5454545454545454,0.008097392058977637
vistral_pragmatic_sft,20260521,implicit_sentiment,6,0.6000000000000001,0.7000000000000001,6,0.6552786489132311,0.6666666666666666,0.011388017753435564
vistral_pragmatic_sft,20260521,implicit_sentiment,7,0.7000000000000001,0.8,7,0.7452184163636112,1.0,0.2547815836363888
vistral_pragmatic_sft,20260521,implicit_sentiment,8,0.8,0.9,2,0.8731043662577552,1.0,0.12689563374224477
vistral_pragmatic_sft,20260521,implicit_sentiment,9,0.9,1.0,1,0.9430421006808962,1.0,0.05695789931910378
vistral_pragmatic_sft,20260521,sarcasm,0,0.0,0.1,7,0.058327963414216685,0.0,0.058327963414216685
vistral_pragmatic_sft,20260521,sarcasm,1,0.1,0.2,8,0.14928639041638447,0.0,0.14928639041638447
vistral_pragmatic_sft,20260521,sarcasm,2,0.2,0.30000000000000004,16,0.24966749695326146,0.0,0.24966749695326146
vistral_pragmatic_sft,20260521,sarcasm,3,0.30000000000000004,0.4,8,0.36668194012294264,0.0,0.36668194012294264
vistral_pragmatic_sft,20260521,sarcasm,4,0.4,0.5,6,0.4358611266824634,0.0,0.4358611266824634
vistral_pragmatic_sft,20260521,sarcasm,5,0.5,0.6000000000000001,5,0.5521154450600323,0.4,0.15211544506003227
vistral_pragmatic_sft,20260521,sarcasm,6,0.6000000000000001,0.7000000000000001,4,0.6730361774395264,1.0,0.3269638225604736
vistral_pragmatic_sft,20260521,sarcasm,7,0.7000000000000001,0.8,6,0.7252004366985653,1.0,0.27479956330143473
vistral_pragmatic_sft,20260521,sarcasm,8,0.8,0.9,2,0.8308190311321071,1.0,0.1691809688678929
vistral_pragmatic_sft,20260521,sarcasm,9,0.9,1.0,2,0.9299074698355246,1.0,0.07009253016447536
vistral_pragmatic_sft,20260521,irony,0,0.0,0.1,4,0.03915706886811157,0.0,0.03915706886811157
vistral_pragmatic_sft,20260521,irony,1,0.1,0.2,7,0.17707066340752387,0.0,0.17707066340752387
vistral_pragmatic_sft,20260521,irony,2,0.2,0.30000000000000004,11,0.24848077602176447,0.0,0.24848077602176447
vistral_pragmatic_sft,20260521,irony,3,0.30000000000000004,0.4,10,0.34717987135018596,0.1,0.24717987135018596
vistral_pragmatic_sft,20260521,irony,4,0.4,0.5,9,0.4498160429974159,0.0,0.4498160429974159
vistral_pragmatic_sft,20260521,irony,5,0.5,0.6000000000000001,4,0.5230817603757352,0.5,0.023081760375735172
vistral_pragmatic_sft,20260521,irony,6,0.6000000000000001,0.7000000000000001,7,0.6504927102744978,0.8571428571428571,0.20665014686835925
vistral_pragmatic_sft,20260521,irony,7,0.7000000000000001,0.8,7,0.7424126019608416,1.0,0.2575873980391584
vistral_pragmatic_sft,20260521,irony,8,0.8,0.9,3,0.8296907171057889,1.0,0.1703092828942111
vistral_pragmatic_sft,20260521,irony,9,0.9,1.0,2,0.9716221623893329,1.0,0.028377837610667145
vistral_pragmatic_sft,20260521,idiom_figurative,0,0.0,0.1,4,0.0419608668432984,0.0,0.0419608668432984
vistral_pragmatic_sft,20260521,idiom_figurative,1,0.1,0.2,8,0.16208287480829092,0.0,0.16208287480829092
vistral_pragmatic_sft,20260521,idiom_figurative,2,0.2,0.30000000000000004,10,0.2475469855804174,0.0,0.2475469855804174
vistral_pragmatic_sft,20260521,idiom_figurative,3,0.30000000000000004,0.4,15,0.3358696265923817,0.0,0.3358696265923817
vistral_pragmatic_sft,20260521,idiom_figurative,4,0.4,0.5,8,0.44773146546827913,0.125,0.32273146546827913
vistral_pragmatic_sft,20260521,idiom_figurative,5,0.5,0.6000000000000001,6,0.5433881268554193,0.3333333333333333,0.21005479352208595
vistral_pragmatic_sft,20260521,idiom_figurative,6,0.6000000000000001,0.7000000000000001,3,0.669525847761871,1.0,0.33047415223812904
vistral_pragmatic_sft,20260521,idiom_figurative,7,0.7000000000000001,0.8,4,0.7449484631939436,1.0,0.2550515368060564
vistral_pragmatic_sft,20260521,idiom_figurative,8,0.8,0.9,3,0.847245131082108,1.0,0.15275486891789203
vistral_pragmatic_sft,20260521,idiom_figurative,9,0.9,1.0,3,0.9598892812090609,1.0,0.04011071879093908
vistral_pragmatic_sft,20260521,code_switching,0,0.0,0.1,6,0.05246847711602018,0.0,0.05246847711602018
vistral_pragmatic_sft,20260521,code_switching,1,0.1,0.2,9,0.15570493414958975,0.0,0.15570493414958975
vistral_pragmatic_sft,20260521,code_switching,2,0.2,0.30000000000000004,7,0.2586948296807565,0.0,0.2586948296807565
vistral_pragmatic_sft,20260521,code_switching,3,0.30000000000000004,0.4,10,0.3633247433481158,0.1,0.26332474334811584
vistral_pragmatic_sft,20260521,code_switching,4,0.4,0.5,6,0.4322488853031076,0.16666666666666666,0.26558221863644094
vistral_pragmatic_sft,20260521,code_switching,5,0.5,0.6000000000000001,10,0.5487719805081168,0.4,0.1487719805081168
vistral_pragmatic_sft,20260521,code_switching,6,0.6000000000000001,0.7000000000000001,3,0.6850807618081868,0.6666666666666666,0.018414095141520148
vistral_pragmatic_sft,20260521,code_switching,7,0.7000000000000001,0.8,9,0.7489190603069716,1.0,0.25108093969302836
vistral_pragmatic_sft,20260521,code_switching,8,0.8,0.9,1,0.8339338274004513,1.0,0.1660661725995487
vistral_pragmatic_sft,20260521,code_switching,9,0.9,1.0,3,0.956626745024901,1.0,0.04337325497509903
vistral_pragmatic_sft,20260521,mocking,0,0.0,0.1,6,0.05493213403643954,0.0,0.05493213403643954
vistral_pragmatic_sft,20260521,mocking,1,0.1,0.2,8,0.1540233721641377,0.0,0.1540233721641377
vistral_pragmatic_sft,20260521,mocking,2,0.2,0.30000000000000004,11,0.24579562657063636,0.0,0.24579562657063636
vistral_pragmatic_sft,20260521,mocking,3,0.30000000000000004,0.4,13,0.3549552556835236,0.0,0.3549552556835236
vistral_pragmatic_sft,20260521,mocking,4,0.4,0.5,5,0.44736389640948016,0.2,0.24736389640948014
vistral_pragmatic_sft,20260521,mocking,5,0.5,0.6000000000000001,6,0.5451328062827395,0.3333333333333333,0.2117994729494062
vistral_pragmatic_sft,20260521,mocking,6,0.6000000000000001,0.7000000000000001,4,0.6475707186086888,0.5,0.14757071860868876
vistral_pragmatic_sft,20260521,mocking,7,0.7000000000000001,0.8,7,0.747940672266741,1.0,0.252059327733259
vistral_pragmatic_sft,20260521,mocking,8,0.8,0.9,3,0.8339240193186986,1.0,0.16607598068130136
vistral_pragmatic_sft,20260521,mocking,9,0.9,1.0,1,0.99,1.0,0.010000000000000009
vistral_pragmatic_sft,20260522,implicit_sentiment,0,0.0,0.1,4,0.026262982713499413,0.0,0.026262982713499413
vistral_pragmatic_sft,20260522,implicit_sentiment,1,0.1,0.2,9,0.16551354464044568,0.0,0.16551354464044568
vistral_pragmatic_sft,20260522,implicit_sentiment,2,0.2,0.30000000000000004,5,0.2524156037253419,0.0,0.2524156037253419
vistral_pragmatic_sft,20260522,implicit_sentiment,3,0.30000000000000004,0.4,14,0.3379833043437436,0.0,0.3379833043437436
vistral_pragmatic_sft,20260522,implicit_sentiment,4,0.4,0.5,4,0.45855963081555395,0.25,0.20855963081555395
vistral_pragmatic_sft,20260522,implicit_sentiment,5,0.5,0.6000000000000001,8,0.5431951294396503,0.375,0.16819512943965031
vistral_pragmatic_sft,20260522,implicit_sentiment,6,0.6000000000000001,0.7000000000000001,4,0.641869661369216,0.5,0.14186966136921597
vistral_pragmatic_sft,20260522,implicit_sentiment,7,0.7000000000000001,0.8,6,0.7448529346568408,1.0,0.25514706534315923
vistral_pragmatic_sft,20260522,implicit_sentiment,8,0.8,0.9,7,0.8261271577076608,1.0,0.17387284229233924
vistral_pragmatic_sft,20260522,implicit_sentiment,9,0.9,1.0,3,0.9581961840699895,1.0,0.04180381593001048
vistral_pragmatic_sft,20260522,sarcasm,0,0.0,0.1,3,0.03775948471665098,0.0,0.03775948471665098
vistral_pragmatic_sft,20260522,sarcasm,1,0.1,0.2,9,0.16222412092153057,0.0,0.16222412092153057
vistral_pragmatic_sft,20260522,sarcasm,2,0.2,0.30000000000000004,12,0.25454327682054795,0.0,0.25454327682054795
vistral_pragmatic_sft,20260522,sarcasm,3,0.30000000000000004,0.4,11,0.3496098586910084,0.18181818181818182,0.1677916768728266
vistral_pragmatic_sft,20260522,sarcasm,4,0.4,0.5,10,0.45876768046399496,0.0,0.45876768046399496
vistral_pragmatic_sft,20260522,sarcasm,5,0.5,0.6000000000000001,5,0.5308645091950921,0.4,0.13086450919509207
vistral_pragmatic_sft,20260522,sarcasm,6,0.6000000000000001,0.7000000000000001,6,0.6716140411959723,0.6666666666666666,0.004947374529305715
vistral_pragmatic_sft,20260522,sarcasm,7,0.7000000000000001,0.8,5,0.7517759172174172,1.0,0.2482240827825828
vistral_pragmatic_sft,20260522,sarcasm,8,0.8,0.9,2,0.8835919665939962,1.0,0.11640803340600381
vistral_pragmatic_sft,20260522,sarcasm,9,0.9,1.0,1,0.950638919334876,1.0,0.04936108066512401
vistral_pragmatic_sft,20260522,irony,0,0.0,0.1,7,0.041032940247934455,0.0,0.041032940247934455
vistral_pragmatic_sft,20260522,irony,1,0.1,0.2,14,0.1491568527955804,0.0,0.1491568527955804
vistral_pragmatic_sft,20260522,irony,2,0.2,0.30000000000000004,8,0.22943051270906606,0.0,0.22943051270906606
vistral_pragmatic_sft,20260522,irony,3,0.30000000000000004,0.4,8,0.34309714004054614,0.0,0.34309714004054614
vistral_pragmatic_sft,20260522,irony,4,0.4,0.5,4,0.4556790656888735,0.0,0.4556790656888735
vistral_pragmatic_sft,20260522,irony,5,0.5,0.6000000000000001,5,0.5486380196243505,0.8,0.2513619803756495
vistral_pragmatic_sft,20260522,irony,6,0.6000000000000001,0.7000000000000001,2,0.6511983120366653,0.5,0.15119831203666534
vistral_pragmatic_sft,20260522,irony,7,0.7000000000000001,0.8,6,0.7579873633100377,1.0,0.2420126366899623
vistral_pragmatic_sft,20260522,irony,8,0.8,0.9,9,0.857007537900745,1.0,0.14299246209925498
vistral_pragmatic_sft,20260522,irony,9,0.9,1.0,1,0.9552858399331936,1.0,0.0447141600668064
vistral_pragmatic_sft,20260522,idiom_figurative,0,0.0,0.1,6,0.056016157157284564,0.0,0.056016157157284564
vistral_pragmatic_sft,20260522,idiom_figurative,1,0.1,0.2,12,0.14963878396409913,0.0,0.14963878396409913
vistral_pragmatic_sft,20260522,idiom_figurative,2,0.2,0.30000000000000004,8,0.24180251765981225,0.0,0.24180251765981225
vistral_pragmatic_sft,20260522,idiom_figurative,3,0.30000000000000004,0.4,7,0.3341252566491386,0.0,0.3341252566491386
vistral_pragmatic_sft,20260522,idiom_figurative,4,0.4,0.5,11,0.44929828292362206,0.09090909090909091,0.3583891920145311
vistral_pragmatic_sft,20260522,idiom_figurative,5,0.5,0.6000000000000001,4,0.5318718208302993,0.25,0.28187182083029927
vistral_pragmatic_sft,20260522,idiom_figurative,6,0.6000000000000001,0.7000000000000001,4,0.6714182240223462,1.0,0.3285817759776538
vistral_pragmatic_sft,20260522,idiom_figurative,7,0.7000000000000001,0.8,8,0.7495739619173787,0.75,0.00042603808262131615
vistral_pragmatic_sft,20260522,idiom_figurative,8,0.8,0.9,3,0.8368113838969382,1.0,0.1631886161030618
vistral_pragmatic_sft,20260522,idiom_figurative,9,0.9,1.0,1,0.99,1.0,0.010000000000000009
vistral_pragmatic_sft,20260522,code_switching,0,0.0,0.1,9,0.03241810799006684,0.0,0.03241810799006684
vistral_pragmatic_sft,20260522,code_switching,1,0.1,0.2,10,0.1461895864487009,0.0,0.1461895864487009
vistral_pragmatic_sft,20260522,code_switching,2,0.2,0.30000000000000004,9,0.24431563193818442,0.0,0.24431563193818442
vistral_pragmatic_sft,20260522,code_switching,3,0.30000000000000004,0.4,7,0.354184485751026,0.0,0.354184485751026
vistral_pragmatic_sft,20260522,code_switching,4,0.4,0.5,7,0.4511830481724631,0.2857142857142857,0.16546876245817738
vistral_pragmatic_sft,20260522,code_switching,5,0.5,0.6000000000000001,4,0.5431251502033123,0.25,0.2931251502033123
vistral_pragmatic_sft,20260522,code_switching,6,0.6000000000000001,0.7000000000000001,5,0.6726949153144745,1.0,0.32730508468552555
vistral_pragmatic_sft,20260522,code_switching,7,0.7000000000000001,0.8,5,0.7797617936536535,1.0,0.2202382063463465
vistral_pragmatic_sft,20260522,code_switching,8,0.8,0.9,6,0.8540426208046744,1.0,0.1459573791953256
vistral_pragmatic_sft,20260522,code_switching,9,0.9,1.0,2,0.9546144441743869,1.0,0.0453855558256131
vistral_pragmatic_sft,20260522,mocking,0,0.0,0.1,8,0.04942725123056754,0.0,0.04942725123056754
vistral_pragmatic_sft,20260522,mocking,1,0.1,0.2,7,0.15269976870539442,0.0,0.15269976870539442
vistral_pragmatic_sft,20260522,mocking,2,0.2,0.30000000000000004,15,0.2488592933288553,0.06666666666666667,0.18219262666218866
vistral_pragmatic_sft,20260522,mocking,3,0.30000000000000004,0.4,6,0.3452701627525643,0.0,0.3452701627525643
vistral_pragmatic_sft,20260522,mocking,4,0.4,0.5,8,0.44802803089947524,0.0,0.44802803089947524
vistral_pragmatic_sft,20260522,mocking,5,0.5,0.6000000000000001,8,0.5490189366683222,0.375,0.17401893666832224
vistral_pragmatic_sft,20260522,mocking,6,0.6000000000000001,0.7000000000000001,7,0.659725879581685,1.0,0.34027412041831495
vistral_pragmatic_sft,20260522,mocking,7,0.7000000000000001,0.8,3,0.7636374230894329,1.0,0.23636257691056706
vistral_pragmatic_sft,20260522,mocking,8,0.8,0.9,0,0.0,0.0,0.0
vistral_pragmatic_sft,20260522,mocking,9,0.9,1.0,2,0.9446170999043948,1.0,0.0553829000956052
vistral_pragmatic_sft,20260523,implicit_sentiment,0,0.0,0.1,4,0.04450279992120688,0.0,0.04450279992120688
vistral_pragmatic_sft,20260523,implicit_sentiment,1,0.1,0.2,6,0.13087502895941613,0.0,0.13087502895941613
vistral_pragmatic_sft,20260523,implicit_sentiment,2,0.2,0.30000000000000004,11,0.2604558635114749,0.0,0.2604558635114749
vistral_pragmatic_sft,20260523,implicit_sentiment,3,0.30000000000000004,0.4,11,0.34841265977614205,0.0,0.34841265977614205
vistral_pragmatic_sft,20260523,implicit_sentiment,4,0.4,0.5,5,0.4354135844812948,0.0,0.4354135844812948
vistral_pragmatic_sft,20260523,implicit_sentiment,5,0.5,0.6000000000000001,7,0.5301600177315811,0.2857142857142857,0.24444573201729536
vistral_pragmatic_sft,20260523,implicit_sentiment,6,0.6000000000000001,0.7000000000000001,5,0.6535994761992315,1.0,0.34640052380076847
vistral_pragmatic_sft,20260523,implicit_sentiment,7,0.7000000000000001,0.8,5,0.741022446427994,1.0,0.258977553572006
vistral_pragmatic_sft,20260523,implicit_sentiment,8,0.8,0.9,5,0.8552893262550212,1.0,0.1447106737449788
vistral_pragmatic_sft,20260523,implicit_sentiment,9,0.9,1.0,5,0.9741568966409273,1.0,0.025843103359072694
vistral_pragmatic_sft,20260523,sarcasm,0,0.0,0.1,10,0.05088169616305701,0.0,0.05088169616305701
vistral_pragmatic_sft,20260523,sarcasm,1,0.1,0.2,11,0.16115796398332569,0.0,0.16115796398332569
vistral_pragmatic_sft,20260523,sarcasm,2,0.2,0.30000000000000004,6,0.23586280988623967,0.0,0.23586280988623967
vistral_pragmatic_sft,20260523,sarcasm,3,0.30000000000000004,0.4,11,0.34820175948048676,0.0,0.34820175948048676
vistral_pragmatic_sft,20260523,sarcasm,4,0.4,0.5,6,0.4546410539306412,0.16666666666666666,0.2879743872639745
vistral_pragmatic_sft,20260523,sarcasm,5,0.5,0.6000000000000001,8,0.5576857091899596,0.625,0.06731429081004037
vistral_pragmatic_sft,20260523,sarcasm,6,0.6000000000000001,0.7000000000000001,3,0.6626275386985309,0.3333333333333333,0.32929420536519755
vistral_pragmatic_sft,20260523,sarcasm,7,0.7000000000000001,0.8,5,0.7443237020865736,1.0,0.2556762979134264
vistral_pragmatic_sft,20260523,sarcasm,8,0.8,0.9,2,0.8353666846117367,1.0,0.1646333153882633
vistral_pragmatic_sft,20260523,sarcasm,9,0.9,1.0,2,0.9625703513921249,1.0,0.03742964860787512
vistral_pragmatic_sft,20260523,irony,0,0.0,0.1,6,0.026716194609837967,0.0,0.026716194609837967
vistral_pragmatic_sft,20260523,irony,1,0.1,0.2,5,0.16609008463264294,0.0,0.16609008463264294
vistral_pragmatic_sft,20260523,irony,2,0.2,0.30000000000000004,14,0.2517160243183825,0.0,0.2517160243183825
vistral_pragmatic_sft,20260523,irony,3,0.30000000000000004,0.4,9,0.33472499057249283,0.1111111111111111,0.22361387946138173
vistral_pragmatic_sft,20260523,irony,4,0.4,0.5,9,0.4481378314846759,0.1111111111111111,0.3370267203735648
vistral_pragmatic_sft,20260523,irony,5,0.5,0.6000000000000001,4,0.5761968656949563,1.0,0.4238031343050437
vistral_pragmatic_sft,20260523,irony,6,0.6000000000000001,0.7000000000000001,5,0.6693568962376701,0.8,0.1306431037623299
vistral_pragmatic_sft,20260523,irony,7,0.7000000000000001,0.8,6,0.7323809057170195,0.8333333333333334,0.10095242761631384
vistral_pragmatic_sft,20260523,irony,8,0.8,0.9,3,0.8146692113263682,1.0,0.18533078867363184
vistral_pragmatic_sft,20260523,irony,9,0.9,1.0,3,0.952945423413596,1.0,0.047054576586403996
vistral_pragmatic_sft,20260523,idiom_figurative,0,0.0,0.1,8,0.045596891447590146,0.0,0.045596891447590146
vistral_pragmatic_sft,20260523,idiom_figurative,1,0.1,0.2,9,0.14696918525279093,0.0,0.14696918525279093
vistral_pragmatic_sft,20260523,idiom_figurative,2,0.2,0.30000000000000004,11,0.2666732943207959,0.0,0.2666732943207959
vistral_pragmatic_sft,20260523,idiom_figurative,3,0.30000000000000004,0.4,7,0.3598570929316302,0.0,0.3598570929316302
vistral_pragmatic_sft,20260523,idiom_figurative,4,0.4,0.5,8,0.4539723640640402,0.0,0.4539723640640402
vistral_pragmatic_sft,20260523,idiom_figurative,5,0.5,0.6000000000000001,8,0.5467347650075913,0.375,0.17173476500759133
vistral_pragmatic_sft,20260523,idiom_figurative,6,0.6000000000000001,0.7000000000000001,4,0.6409092676612603,1.0,0.35909073233873967
vistral_pragmatic_sft,20260523,idiom_figurative,7,0.7000000000000001,0.8,1,0.753139922368171,1.0,0.24686007763182904
vistral_pragmatic_sft,20260523,idiom_figurative,8,0.8,0.9,4,0.8509046666689013,1.0,0.1490953333310987
vistral_pragmatic_sft,20260523,idiom_figurative,9,0.9,1.0,4,0.9882282092763712,1.0,0.011771790723628772
vistral_pragmatic_sft,20260523,code_switching,0,0.0,0.1,3,0.04628481535228621,0.0,0.04628481535228621
vistral_pragmatic_sft,20260523,code_switching,1,0.1,0.2,12,0.1414725730876085,0.0,0.1414725730876085
vistral_pragmatic_sft,20260523,code_switching,2,0.2,0.30000000000000004,12,0.25363599330212616,0.0,0.25363599330212616
vistral_pragmatic_sft,20260523,code_switching,3,0.30000000000000004,0.4,9,0.33985281569002385,0.0,0.33985281569002385
vistral_pragmatic_sft,20260523,code_switching,4,0.4,0.5,6,0.4641464672930331,0.16666666666666666,0.2974798006263665
vistral_pragmatic_sft,20260523,code_switching,5,0.5,0.6000000000000001,3,0.5186871184449718,0.3333333333333333,0.18535378511163852
vistral_pragmatic_sft,20260523,code_switching,6,0.6000000000000001,0.7000000000000001,3,0.6625793978503324,1.0,0.3374206021496676
vistral_pragmatic_sft,20260523,code_switching,7,0.7000000000000001,0.8,7,0.7489217049368254,1.0,0.2510782950631746
vistral_pragmatic_sft,20260523,code_switching,8,0.8,0.9,6,0.8479074248701806,1.0,0.15209257512981944
vistral_pragmatic_sft,20260523,code_switching,9,0.9,1.0,3,0.9624919467500069,1.0,0.03750805324999307
vistral_pragmatic_sft,20260523,mocking,0,0.0,0.1,7,0.021564138468339333,0.0,0.021564138468339333
vistral_pragmatic_sft,20260523,mocking,1,0.1,0.2,11,0.15453436027648115,0.0,0.15453436027648115
vistral_pragmatic_sft,20260523,mocking,2,0.2,0.30000000000000004,12,0.2531468677407018,0.0,0.2531468677407018
vistral_pragmatic_sft,20260523,mocking,3,0.30000000000000004,0.4,9,0.3522217859547545,0.1111111111111111,0.2411106748436434
vistral_pragmatic_sft,20260523,mocking,4,0.4,0.5,11,0.43600295995901595,0.18181818181818182,0.2541847781408341
vistral_pragmatic_sft,20260523,mocking,5,0.5,0.6000000000000001,0,0.0,0.0,0.0
vistral_pragmatic_sft,20260523,mocking,6,0.6000000000000001,0.7000000000000001,2,0.6456901644532825,0.5,0.14569016445328253
vistral_pragmatic_sft,20260523,mocking,7,0.7000000000000001,0.8,3,0.7378929849502013,1.0,0.2621070150497987
vistral_pragmatic_sft,20260523,mocking,8,0.8,0.9,3,0.873557506723294,1.0,0.12644249327670598
vistral_pragmatic_sft,20260523,mocking,9,0.9,1.0,6,0.9558151896608903,1.0,0.044184810339109704
vipragsent_full_vistral,20260521,implicit_sentiment,0,0.0,0.1,7,0.029342905377616968,0.0,0.029342905377616968
vipragsent_full_vistral,20260521,implicit_sentiment,1,0.1,0.2,5,0.14463997314506824,0.0,0.14463997314506824
vipragsent_full_vistral,20260521,implicit_sentiment,2,0.2,0.30000000000000004,10,0.25955453133531553,0.0,0.25955453133531553
vipragsent_full_vistral,20260521,implicit_sentiment,3,0.30000000000000004,0.4,7,0.33686693712730614,0.0,0.33686693712730614
vipragsent_full_vistral,20260521,implicit_sentiment,4,0.4,0.5,11,0.43932725153882934,0.09090909090909091,0.3484181606297384
vipragsent_full_vistral,20260521,implicit_sentiment,5,0.5,0.6000000000000001,5,0.5460048760432202,0.6,0.053995123956779745
vipragsent_full_vistral,20260521,implicit_sentiment,6,0.6000000000000001,0.7000000000000001,9,0.6481877967538323,0.8888888888888888,0.24070109213505653
vipragsent_full_vistral,20260521,implicit_sentiment,7,0.7000000000000001,0.8,4,0.7376178511468399,1.0,0.26238214885316014
vipragsent_full_vistral,20260521,implicit_sentiment,8,0.8,0.9,3,0.8291660417643291,1.0,0.17083395823567094
vipragsent_full_vistral,20260521,implicit_sentiment,9,0.9,1.0,3,0.9586215819820921,1.0,0.04137841801790787
vipragsent_full_vistral,20260521,sarcasm,0,0.0,0.1,5,0.0647486212785835,0.0,0.0647486212785835
vipragsent_full_vistral,20260521,sarcasm,1,0.1,0.2,11,0.14514830158749634,0.0,0.14514830158749634
vipragsent_full_vistral,20260521,sarcasm,2,0.2,0.30000000000000004,15,0.25910339251349424,0.0,0.25910339251349424
vipragsent_full_vistral,20260521,sarcasm,3,0.30000000000000004,0.4,5,0.3509104678688312,0.0,0.3509104678688312
vipragsent_full_vistral,20260521,sarcasm,4,0.4,0.5,10,0.447525938862921,0.1,0.34752593886292105
vipragsent_full_vistral,20260521,sarcasm,5,0.5,0.6000000000000001,6,0.5406883833395316,0.5,0.04068838333953162
vipragsent_full_vistral,20260521,sarcasm,6,0.6000000000000001,0.7000000000000001,1,0.6892073102648867,1.0,0.3107926897351133
vipragsent_full_vistral,20260521,sarcasm,7,0.7000000000000001,0.8,4,0.7759527607963093,1.0,0.22404723920369074
vipragsent_full_vistral,20260521,sarcasm,8,0.8,0.9,4,0.8614310139012554,1.0,0.13856898609874457
vipragsent_full_vistral,20260521,sarcasm,9,0.9,1.0,3,0.9546840330814034,1.0,0.04531596691859663
vipragsent_full_vistral,20260521,irony,0,0.0,0.1,3,0.03780824106771458,0.0,0.03780824106771458
vipragsent_full_vistral,20260521,irony,1,0.1,0.2,6,0.1590511799252067,0.0,0.1590511799252067
vipragsent_full_vistral,20260521,irony,2,0.2,0.30000000000000004,11,0.25660125109190357,0.0,0.25660125109190357
vipragsent_full_vistral,20260521,irony,3,0.30000000000000004,0.4,14,0.3475170654791115,0.0,0.3475170654791115
vipragsent_full_vistral,20260521,irony,4,0.4,0.5,5,0.4478178122961932,0.2,0.2478178122961932
vipragsent_full_vistral,20260521,irony,5,0.5,0.6000000000000001,4,0.5502771402551629,0.25,0.30027714025516294
vipragsent_full_vistral,20260521,irony,6,0.6000000000000001,0.7000000000000001,7,0.6566876988392778,0.7142857142857143,0.0575980154464365
vipragsent_full_vistral,20260521,irony,7,0.7000000000000001,0.8,6,0.7455617966038162,1.0,0.25443820339618384
vipragsent_full_vistral,20260521,irony,8,0.8,0.9,5,0.8396156472788384,1.0,0.16038435272116158
vipragsent_full_vistral,20260521,irony,9,0.9,1.0,3,0.9270084238464418,1.0,0.07299157615355822
vipragsent_full_vistral,20260521,idiom_figurative,0,0.0,0.1,8,0.06187098498666762,0.0,0.06187098498666762
vipragsent_full_vistral,20260521,idiom_figurative,1,0.1,0.2,6,0.16392330809143252,0.0,0.16392330809143252
vipragsent_full_vistral,20260521,idiom_figurative,2,0.2,0.30000000000000004,17,0.2611879728161766,0.0,0.2611879728161766
vipragsent_full_vistral,20260521,idiom_figurative,3,0.30000000000000004,0.4,6,0.33765954654551295,0.0,0.33765954654551295
vipragsent_full_vistral,20260521,idiom_figurative,4,0.4,0.5,7,0.447359969302014,0.14285714285714285,0.30450282644487114
vipragsent_full_vistral,20260521,idiom_figurative,5,0.5,0.6000000000000001,5,0.5487457573227822,0.4,0.14874575732278217
vipragsent_full_vistral,20260521,idiom_figurative,6,0.6000000000000001,0.7000000000000001,8,0.6430215183366663,0.75,0.10697848166333368
vipragsent_full_vistral,20260521,idiom_figurative,7,0.7000000000000001,0.8,2,0.7852698091894732,1.0,0.2147301908105268
vipragsent_full_vistral,20260521,idiom_figurative,8,0.8,0.9,2,0.8396849730088792,1.0,0.16031502699112077
vipragsent_full_vistral,20260521,idiom_figurative,9,0.9,1.0,3,0.9609933561998453,1.0,0.03900664380015473
vipragsent_full_vistral,20260521,code_switching,0,0.0,0.1,6,0.06790290880470916,0.0,0.06790290880470916
vipragsent_full_vistral,20260521,code_switching,1,0.1,0.2,8,0.16258193871091225,0.0,0.16258193871091225
vipragsent_full_vistral,20260521,code_switching,2,0.2,0.30000000000000004,12,0.2500437659304459,0.0,0.2500437659304459
vipragsent_full_vistral,20260521,code_switching,3,0.30000000000000004,0.4,9,0.3528650201833253,0.0,0.3528650201833253
vipragsent_full_vistral,20260521,code_switching,4,0.4,0.5,6,0.4597208251001876,0.16666666666666666,0.2930541584335209
vipragsent_full_vistral,20260521,code_switching,5,0.5,0.6000000000000001,2,0.5363881042046674,0.0,0.5363881042046674
vipragsent_full_vistral,20260521,code_switching,6,0.6000000000000001,0.7000000000000001,7,0.6700094921988161,0.8571428571428571,0.18713336494404098
vipragsent_full_vistral,20260521,code_switching,7,0.7000000000000001,0.8,6,0.7390931064013495,1.0,0.2609068935986505
vipragsent_full_vistral,20260521,code_switching,8,0.8,0.9,6,0.8453233083243544,1.0,0.15467669167564557
vipragsent_full_vistral,20260521,code_switching,9,0.9,1.0,2,0.9810799223129822,1.0,0.018920077687017756
vipragsent_full_vistral,20260521,mocking,0,0.0,0.1,8,0.04737297104781789,0.0,0.04737297104781789
vipragsent_full_vistral,20260521,mocking,1,0.1,0.2,12,0.16702244371689687,0.0,0.16702244371689687
vipragsent_full_vistral,20260521,mocking,2,0.2,0.30000000000000004,13,0.24436898111401112,0.0,0.24436898111401112
vipragsent_full_vistral,20260521,mocking,3,0.30000000000000004,0.4,6,0.36196367646229216,0.0,0.36196367646229216
vipragsent_full_vistral,20260521,mocking,4,0.4,0.5,8,0.4450221926637894,0.125,0.3200221926637894
vipragsent_full_vistral,20260521,mocking,5,0.5,0.6000000000000001,5,0.5506565038715905,0.6,0.04934349612840949
vipragsent_full_vistral,20260521,mocking,6,0.6000000000000001,0.7000000000000001,5,0.6632368547464782,1.0,0.3367631452535218
vipragsent_full_vistral,20260521,mocking,7,0.7000000000000001,0.8,3,0.736929884280889,1.0,0.263070115719111
vipragsent_full_vistral,20260521,mocking,8,0.8,0.9,4,0.8311586440415512,1.0,0.16884135595844885
vipragsent_full_vistral,20260521,mocking,9,0.9,1.0,0,0.0,0.0,0.0
vipragsent_full_vistral,20260522,implicit_sentiment,0,0.0,0.1,3,0.0404263931016021,0.0,0.0404263931016021
vipragsent_full_vistral,20260522,implicit_sentiment,1,0.1,0.2,9,0.15477136998498875,0.0,0.15477136998498875
vipragsent_full_vistral,20260522,implicit_sentiment,2,0.2,0.30000000000000004,12,0.2531475909765804,0.0,0.2531475909765804
vipragsent_full_vistral,20260522,implicit_sentiment,3,0.30000000000000004,0.4,9,0.3522811453287531,0.0,0.3522811453287531
vipragsent_full_vistral,20260522,implicit_sentiment,4,0.4,0.5,5,0.4127219174568572,0.2,0.2127219174568572
vipragsent_full_vistral,20260522,implicit_sentiment,5,0.5,0.6000000000000001,9,0.5459861219296125,0.6666666666666666,0.12068054473705414
vipragsent_full_vistral,20260522,implicit_sentiment,6,0.6000000000000001,0.7000000000000001,6,0.6266329752044353,0.6666666666666666,0.04003369146223135
vipragsent_full_vistral,20260522,implicit_sentiment,7,0.7000000000000001,0.8,4,0.7554235960682754,1.0,0.24457640393172464
vipragsent_full_vistral,20260522,implicit_sentiment,8,0.8,0.9,5,0.8385478253922724,1.0,0.16145217460772765
vipragsent_full_vistral,20260522,implicit_sentiment,9,0.9,1.0,2,0.9195419260990281,1.0,0.08045807390097193
vipragsent_full_vistral,20260522,sarcasm,0,0.0,0.1,11,0.05024324636057447,0.0,0.05024324636057447
vipragsent_full_vistral,20260522,sarcasm,1,0.1,0.2,9,0.1610019740430788,0.0,0.1610019740430788
vipragsent_full_vistral,20260522,sarcasm,2,0.2,0.30000000000000004,12,0.26383590010546154,0.0,0.26383590010546154
vipragsent_full_vistral,20260522,sarcasm,3,0.30000000000000004,0.4,12,0.3521900947854582,0.0,0.3521900947854582
vipragsent_full_vistral,20260522,sarcasm,4,0.4,0.5,5,0.4418263349400404,0.4,0.0418263349400404
vipragsent_full_vistral,20260522,sarcasm,5,0.5,0.6000000000000001,1,0.5730921139041981,0.0,0.5730921139041981
vipragsent_full_vistral,20260522,sarcasm,6,0.6000000000000001,0.7000000000000001,3,0.6307000457426973,1.0,0.36929995425730267
vipragsent_full_vistral,20260522,sarcasm,7,0.7000000000000001,0.8,5,0.7344798886227736,1.0,0.2655201113772264
vipragsent_full_vistral,20260522,sarcasm,8,0.8,0.9,6,0.8286431679273426,1.0,0.1713568320726574
vipragsent_full_vistral,20260522,sarcasm,9,0.9,1.0,0,0.0,0.0,0.0
vipragsent_full_vistral,20260522,irony,0,0.0,0.1,6,0.05414126398699848,0.0,0.05414126398699848
vipragsent_full_vistral,20260522,irony,1,0.1,0.2,12,0.15630707759653836,0.0,0.15630707759653836
vipragsent_full_vistral,20260522,irony,2,0.2,0.30000000000000004,7,0.25795352022439444,0.0,0.25795352022439444
vipragsent_full_vistral,20260522,irony,3,0.30000000000000004,0.4,10,0.3403515926532802,0.0,0.3403515926532802
vipragsent_full_vistral,20260522,irony,4,0.4,0.5,9,0.44797119478421293,0.2222222222222222,0.22574897256199072
vipragsent_full_vistral,20260522,irony,5,0.5,0.6000000000000001,4,0.568861707263544,0.75,0.18113829273645599
vipragsent_full_vistral,20260522,irony,6,0.6000000000000001,0.7000000000000001,4,0.6511569733144591,1.0,0.3488430266855409
vipragsent_full_vistral,20260522,irony,7,0.7000000000000001,0.8,3,0.7673718079665955,1.0,0.23262819203340446
vipragsent_full_vistral,20260522,irony,8,0.8,0.9,4,0.8471330178486034,1.0,0.1528669821513966
vipragsent_full_vistral,20260522,irony,9,0.9,1.0,5,0.9374435220104743,1.0,0.06255647798952568
vipragsent_full_vistral,20260522,idiom_figurative,0,0.0,0.1,5,0.04816007244536707,0.0,0.04816007244536707
vipragsent_full_vistral,20260522,idiom_figurative,1,0.1,0.2,6,0.13723171842477355,0.0,0.13723171842477355
vipragsent_full_vistral,20260522,idiom_figurative,2,0.2,0.30000000000000004,11,0.25489686235971204,0.0,0.25489686235971204
vipragsent_full_vistral,20260522,idiom_figurative,3,0.30000000000000004,0.4,13,0.33661896656656365,0.07692307692307693,0.2596958896434867
vipragsent_full_vistral,20260522,idiom_figurative,4,0.4,0.5,11,0.42610638790838173,0.0,0.42610638790838173
vipragsent_full_vistral,20260522,idiom_figurative,5,0.5,0.6000000000000001,3,0.5333196445437561,0.3333333333333333,0.19998631121042282
vipragsent_full_vistral,20260522,idiom_figurative,6,0.6000000000000001,0.7000000000000001,2,0.6724034059189923,1.0,0.3275965940810077
vipragsent_full_vistral,20260522,idiom_figurative,7,0.7000000000000001,0.8,9,0.7458080127878274,0.8888888888888888,0.14308087610106146
vipragsent_full_vistral,20260522,idiom_figurative,8,0.8,0.9,2,0.825383890344052,1.0,0.17461610965594798
vipragsent_full_vistral,20260522,idiom_figurative,9,0.9,1.0,2,0.99,1.0,0.010000000000000009
vipragsent_full_vistral,20260522,code_switching,0,0.0,0.1,6,0.06490962480887223,0.0,0.06490962480887223
vipragsent_full_vistral,20260522,code_switching,1,0.1,0.2,11,0.15281371164253493,0.0,0.15281371164253493
vipragsent_full_vistral,20260522,code_switching,2,0.2,0.30000000000000004,10,0.24174967923530413,0.0,0.24174967923530413
vipragsent_full_vistral,20260522,code_switching,3,0.30000000000000004,0.4,7,0.3506151203010553,0.0,0.3506151203010553
vipragsent_full_vistral,20260522,code_switching,4,0.4,0.5,9,0.43493176221552804,0.2222222222222222,0.21270953999330583
vipragsent_full_vistral,20260522,code_switching,5,0.5,0.6000000000000001,3,0.539230492965537,0.3333333333333333,0.20589715963220373
vipragsent_full_vistral,20260522,code_switching,6,0.6000000000000001,0.7000000000000001,5,0.6310917291045969,1.0,0.3689082708954031
vipragsent_full_vistral,20260522,code_switching,7,0.7000000000000001,0.8,7,0.7535881397523391,1.0,0.24641186024766093
vipragsent_full_vistral,20260522,code_switching,8,0.8,0.9,5,0.8652953906173201,1.0,0.13470460938267992
vipragsent_full_vistral,20260522,code_switching,9,0.9,1.0,1,0.99,1.0,0.010000000000000009
vipragsent_full_vistral,20260522,mocking,0,0.0,0.1,6,0.035855473117330096,0.0,0.035855473117330096
vipragsent_full_vistral,20260522,mocking,1,0.1,0.2,7,0.1410051319568711,0.0,0.1410051319568711
vipragsent_full_vistral,20260522,mocking,2,0.2,0.30000000000000004,12,0.2652960506138749,0.0,0.2652960506138749
vipragsent_full_vistral,20260522,mocking,3,0.30000000000000004,0.4,12,0.3477764242371349,0.0,0.3477764242371349
vipragsent_full_vistral,20260522,mocking,4,0.4,0.5,9,0.4475154758560924,0.1111111111111111,0.3364043647449813
vipragsent_full_vistral,20260522,mocking,5,0.5,0.6000000000000001,6,0.5386712131643261,0.5,0.03867121316432609
vipragsent_full_vistral,20260522,mocking,6,0.6000000000000001,0.7000000000000001,6,0.6535950891490302,1.0,0.3464049108509698
vipragsent_full_vistral,20260522,mocking,7,0.7000000000000001,0.8,3,0.747792641547869,1.0,0.25220735845213105
vipragsent_full_vistral,20260522,mocking,8,0.8,0.9,1,0.8973053697718387,1.0,0.10269463022816128
vipragsent_full_vistral,20260522,mocking,9,0.9,1.0,2,0.984233653448269,1.0,0.015766346551731036
vipragsent_full_vistral,20260523,implicit_sentiment,0,0.0,0.1,5,0.033701151339630135,0.0,0.033701151339630135
vipragsent_full_vistral,20260523,implicit_sentiment,1,0.1,0.2,9,0.16808663460447612,0.0,0.16808663460447612
vipragsent_full_vistral,20260523,implicit_sentiment,2,0.2,0.30000000000000004,13,0.2521401957303385,0.0,0.2521401957303385
vipragsent_full_vistral,20260523,implicit_sentiment,3,0.30000000000000004,0.4,9,0.34358725242681365,0.0,0.34358725242681365
vipragsent_full_vistral,20260523,implicit_sentiment,4,0.4,0.5,7,0.4638899324113764,0.42857142857142855,0.035318503839947835
vipragsent_full_vistral,20260523,implicit_sentiment,5,0.5,0.6000000000000001,5,0.5654581794496314,0.8,0.23454182055036865
vipragsent_full_vistral,20260523,implicit_sentiment,6,0.6000000000000001,0.7000000000000001,4,0.6302822902284348,0.75,0.11971770977156515
vipragsent_full_vistral,20260523,implicit_sentiment,7,0.7000000000000001,0.8,5,0.7493680738786026,1.0,0.2506319261213974
vipragsent_full_vistral,20260523,implicit_sentiment,8,0.8,0.9,5,0.837923190479723,1.0,0.16207680952027703
vipragsent_full_vistral,20260523,implicit_sentiment,9,0.9,1.0,2,0.9303464249455212,1.0,0.06965357505447878
vipragsent_full_vistral,20260523,sarcasm,0,0.0,0.1,6,0.048888272698107804,0.0,0.048888272698107804
vipragsent_full_vistral,20260523,sarcasm,1,0.1,0.2,8,0.15578727024071184,0.0,0.15578727024071184
vipragsent_full_vistral,20260523,sarcasm,2,0.2,0.30000000000000004,9,0.25167092850375195,0.1111111111111111,0.14055981739264084
vipragsent_full_vistral,20260523,sarcasm,3,0.30000000000000004,0.4,12,0.3536770297796237,0.0,0.3536770297796237
vipragsent_full_vistral,20260523,sarcasm,4,0.4,0.5,14,0.44825069463067707,0.21428571428571427,0.2339649803449628
vipragsent_full_vistral,20260523,sarcasm,5,0.5,0.6000000000000001,7,0.5388040259577468,0.5714285714285714,0.032624545470824606
vipragsent_full_vistral,20260523,sarcasm,6,0.6000000000000001,0.7000000000000001,3,0.6547610999239392,1.0,0.34523890007606084
vipragsent_full_vistral,20260523,sarcasm,7,0.7000000000000001,0.8,1,0.7191164555899904,1.0,0.2808835444100096
vipragsent_full_vistral,20260523,sarcasm,8,0.8,0.9,4,0.8620197866659651,1.0,0.13798021333403487
vipragsent_full_vistral,20260523,sarcasm,9,0.9,1.0,0,0.0,0.0,0.0
vipragsent_full_vistral,20260523,irony,0,0.0,0.1,4,0.04707437220184537,0.0,0.04707437220184537
vipragsent_full_vistral,20260523,irony,1,0.1,0.2,8,0.1486549604815348,0.0,0.1486549604815348
vipragsent_full_vistral,20260523,irony,2,0.2,0.30000000000000004,15,0.2550842597923651,0.0,0.2550842597923651
vipragsent_full_vistral,20260523,irony,3,0.30000000000000004,0.4,7,0.33358599865850874,0.0,0.33358599865850874
vipragsent_full_vistral,20260523,irony,4,0.4,0.5,4,0.4494590902950266,0.5,0.05054090970497338
vipragsent_full_vistral,20260523,irony,5,0.5,0.6000000000000001,13,0.553377002545697,0.5384615384615384,0.014915464084158558
vipragsent_full_vistral,20260523,irony,6,0.6000000000000001,0.7000000000000001,5,0.6387458003343076,0.8,0.16125419966569243
vipragsent_full_vistral,20260523,irony,7,0.7000000000000001,0.8,3,0.7218635285321181,1.0,0.2781364714678819
vipragsent_full_vistral,20260523,irony,8,0.8,0.9,3,0.8287117575748914,1.0,0.17128824242510865
vipragsent_full_vistral,20260523,irony,9,0.9,1.0,2,0.9468887147595678,1.0,0.05311128524043218
vipragsent_full_vistral,20260523,idiom_figurative,0,0.0,0.1,10,0.040310279571611894,0.0,0.040310279571611894
vipragsent_full_vistral,20260523,idiom_figurative,1,0.1,0.2,10,0.15060090668107726,0.0,0.15060090668107726
vipragsent_full_vistral,20260523,idiom_figurative,2,0.2,0.30000000000000004,13,0.246799337809203,0.0,0.246799337809203
vipragsent_full_vistral,20260523,idiom_figurative,3,0.30000000000000004,0.4,8,0.3533297718880735,0.0,0.3533297718880735
vipragsent_full_vistral,20260523,idiom_figurative,4,0.4,0.5,9,0.4411334977476089,0.4444444444444444,0.003310946696835515
vipragsent_full_vistral,20260523,idiom_figurative,5,0.5,0.6000000000000001,5,0.5618380486515413,0.8,0.23816195134845874
vipragsent_full_vistral,20260523,idiom_figurative,6,0.6000000000000001,0.7000000000000001,3,0.6391359884725816,0.6666666666666666,0.027530678194085056
vipragsent_full_vistral,20260523,idiom_figurative,7,0.7000000000000001,0.8,4,0.7433704445867546,1.0,0.2566295554132454
vipragsent_full_vistral,20260523,idiom_figurative,8,0.8,0.9,0,0.0,0.0,0.0
vipragsent_full_vistral,20260523,idiom_figurative,9,0.9,1.0,2,0.9814437028169999,1.0,0.018556297183000114
vipragsent_full_vistral,20260523,code_switching,0,0.0,0.1,7,0.05085920117212408,0.0,0.05085920117212408
vipragsent_full_vistral,20260523,code_switching,1,0.1,0.2,7,0.14616394856085074,0.0,0.14616394856085074
vipragsent_full_vistral,20260523,code_switching,2,0.2,0.30000000000000004,10,0.25231590457560343,0.0,0.25231590457560343
vipragsent_full_vistral,20260523,code_switching,3,0.30000000000000004,0.4,9,0.34247854127787714,0.1111111111111111,0.23136743016676603
vipragsent_full_vistral,20260523,code_switching,4,0.4,0.5,7,0.4598941750904717,0.0,0.4598941750904717
vipragsent_full_vistral,20260523,code_switching,5,0.5,0.6000000000000001,2,0.5328401919803736,0.0,0.5328401919803736
vipragsent_full_vistral,20260523,code_switching,6,0.6000000000000001,0.7000000000000001,10,0.6530928332327219,0.9,0.24690716676727809
vipragsent_full_vistral,20260523,code_switching,7,0.7000000000000001,0.8,4,0.7444781198789708,0.75,0.005521880121029166
vipragsent_full_vistral,20260523,code_switching,8,0.8,0.9,6,0.8576571607028916,1.0,0.14234283929710845
vipragsent_full_vistral,20260523,code_switching,9,0.9,1.0,2,0.99,1.0,0.010000000000000009
vipragsent_full_vistral,20260523,mocking,0,0.0,0.1,7,0.06529362183556497,0.0,0.06529362183556497
vipragsent_full_vistral,20260523,mocking,1,0.1,0.2,6,0.1435166934692955,0.0,0.1435166934692955
vipragsent_full_vistral,20260523,mocking,2,0.2,0.30000000000000004,16,0.25290388999007163,0.0,0.25290388999007163
vipragsent_full_vistral,20260523,mocking,3,0.30000000000000004,0.4,8,0.3473771556583849,0.0,0.3473771556583849
vipragsent_full_vistral,20260523,mocking,4,0.4,0.5,10,0.4524051717089219,0.1,0.35240517170892194
vipragsent_full_vistral,20260523,mocking,5,0.5,0.6000000000000001,4,0.5449031151647447,0.5,0.044903115164744656
vipragsent_full_vistral,20260523,mocking,6,0.6000000000000001,0.7000000000000001,4,0.6621822182801098,1.0,0.3378177817198902
vipragsent_full_vistral,20260523,mocking,7,0.7000000000000001,0.8,3,0.7230305792007017,1.0,0.2769694207992983
vipragsent_full_vistral,20260523,mocking,8,0.8,0.9,4,0.8440725226981842,1.0,0.15592747730181578
vipragsent_full_vistral,20260523,mocking,9,0.9,1.0,2,0.99,1.0,0.010000000000000009
